Date;USD;DKK
29/04/2026;638,36;100
28/04/2026;639,75;100
27/04/2026;636,02;100
24/04/2026;638,06;100
23/04/2026;639,05;100
22/04/2026;636,96;100
21/04/2026;635,12;100
20/04/2026;635,49;100
17/04/2026;633,5;100
16/04/2026;634,28;100
15/04/2026;634,38;100
14/04/2026;633,65;100
13/04/2026;639,57;100
10/04/2026;638,09;100
09/04/2026;639,52;100
08/04/2026;638,37;100
07/04/2026;646,58;100
01/04/2026;643,91;100
31/03/2026;649,94;100
30/03/2026;650,71;100
27/03/2026;648,79;100
26/03/2026;647,54;100
25/03/2026;644,56;100
24/03/2026;645,62;100
23/03/2026;644,33;100
20/03/2026;646,58;100
19/03/2026;650,33;100
18/03/2026;649,74;100
17/03/2026;647,98;100
16/03/2026;650,98;100
13/03/2026;651,15;100
12/03/2026;647,11;100
11/03/2026;645,18;100
10/03/2026;641,81;100
09/03/2026;646,54;100
06/03/2026;646,21;100
05/03/2026;643,11;100
04/03/2026;641,39;100
03/03/2026;643,67;100
02/03/2026;638,67;100
27/02/2026;632,94;100
26/02/2026;632,46;100
25/02/2026;634,02;100
24/02/2026;634,39;100
23/02/2026;633,97;100
20/02/2026;634,96;100
19/02/2026;635,73;100
18/02/2026;630,76;100
17/02/2026;631,71;100
16/02/2026;630,17;100
13/02/2026;629,82;100
12/02/2026;629,21;100
11/02/2026;627,71;100
10/02/2026;628,17;100
09/02/2026;628,4;100
06/02/2026;633,14;100
05/02/2026;632,84;100
04/02/2026;631,75;100
03/02/2026;632,89;100
02/02/2026;630,84;100
30/01/2026;626,51;100
29/01/2026;623,9;100
28/01/2026;623,57;100
27/01/2026;626,01;100
26/01/2026;630,94;100
23/01/2026;636,06;100
22/01/2026;638,03;100
21/01/2026;636,38;100
20/01/2026;637,01;100
19/01/2026;642,4;100
16/01/2026;643,13;100
15/01/2026;642,82;100
14/01/2026;641,34;100
13/01/2026;641,2;100
12/01/2026;639,09;100
09/01/2026;641,85;100
08/01/2026;640;100
07/01/2026;639,55;100
06/01/2026;638,31;100
05/01/2026;640,39;100
02/01/2026;637,27;100
30/12/2025;635,27;100
29/12/2025;634,81;100
23/12/2025;633,82;100
22/12/2025;636,07;100
19/12/2025;637,91;100
18/12/2025;637,54;100
17/12/2025;637,42;100
16/12/2025;634,43;100
15/12/2025;635,62;100
12/12/2025;636,76;100
11/12/2025;637,62;100
10/12/2025;642,01;100
09/12/2025;641,82;100
08/12/2025;640,82;100
05/12/2025;641,38;100
04/12/2025;640,2;100
03/12/2025;640,12;100
02/12/2025;643,07;100
01/12/2025;641,31;100
28/11/2025;645,75;100
27/11/2025;644,64;100
26/11/2025;645,13;100
25/11/2025;646,62;100
24/11/2025;647,01;100
21/11/2025;648,32;100
20/11/2025;648,7;100
19/11/2025;644,83;100
18/11/2025;644,38;100
17/11/2025;644,21;100
14/11/2025;641,13;100
13/11/2025;642,71;100
12/11/2025;645,05;100
11/11/2025;645,17;100
10/11/2025;645,34;100
07/11/2025;645,85;100
06/11/2025;647,47;100
05/11/2025;649,63;100
04/11/2025;649,71;100
03/11/2025;648,57;100
31/10/2025;646,33;100
30/10/2025;646,57;100
29/10/2025;641,84;100
28/10/2025;642,24;100
27/10/2025;641,7;100
24/10/2025;643,28;100
23/10/2025;644,3;100
22/10/2025;644,64;100
21/10/2025;643,5;100
20/10/2025;640,79;100
17/10/2025;639,41;100
16/10/2025;641,16;100
15/10/2025;642,63;100
14/10/2025;646,45;100
13/10/2025;645,53;100
10/10/2025;645,5;100
09/10/2025;643,08;100
08/10/2025;642,19;100
07/10/2025;640;100
06/10/2025;639,38;100
03/10/2025;636,33;100
02/10/2025;635,26;100
01/10/2025;636,8;100
30/09/2025;635,8;100
29/09/2025;636,75;100
26/09/2025;639,46;100
25/09/2025;635,83;100
24/09/2025;634,9;100
23/09/2025;632,94;100
22/09/2025;633,52;100
19/09/2025;635,95;100
18/09/2025;631,64;100
17/09/2025;630,59;100
16/09/2025;632,25;100
15/09/2025;634,42;100
12/09/2025;637;100
11/09/2025;638,77;100
10/09/2025;637,66;100
09/09/2025;635,75;100
08/09/2025;636,6;100
05/09/2025;638,18;100
04/09/2025;640,89;100
03/09/2025;640,46;100
02/09/2025;640,84;100
01/09/2025;637,12;100
29/08/2025;640,26;100
28/08/2025;639,33;100
27/08/2025;643,9;100
26/08/2025;640,38;100
25/08/2025;638,11;100
22/08/2025;643,06;100
21/08/2025;641,3;100
20/08/2025;640,71;100
19/08/2025;638,98;100
18/08/2025;639,42;100
15/08/2025;638,57;100
14/08/2025;638,43;100
13/08/2025;637,23;100
12/08/2025;643,06;100
11/08/2025;642,15;100
08/08/2025;640,74;100
07/08/2025;641,1;100
06/08/2025;643,08;100
05/08/2025;646,39;100
04/08/2025;645,29;100
01/08/2025;654,41;100
31/07/2025;651,98;100
30/07/2025;647,33;100
29/07/2025;646,96;100
28/07/2025;640,39;100
25/07/2025;636,68;100
24/07/2025;634,94;100
23/07/2025;636,56;100
22/07/2025;638,09;100
21/07/2025;639,81;100
18/07/2025;640,65;100
17/07/2025;644,51;100
16/07/2025;643,28;100
15/07/2025;639,83;100
14/07/2025;638,4;100
11/07/2025;638,66;100
10/07/2025;637,21;100
09/07/2025;637,82;100
08/07/2025;636,7;100
07/07/2025;636,12;100
04/07/2025;634,12;100
03/07/2025;633,3;100
02/07/2025;634,72;100
01/07/2025;631,73;100
30/06/2025;636,6;100
27/06/2025;637,5;100
26/06/2025;637,91;100
25/06/2025;643,25;100
24/06/2025;642,69;100
23/06/2025;650,24;100
20/06/2025;647,82;100
19/06/2025;649,88;100
18/06/2025;648,11;100
17/06/2025;644,75;100
16/06/2025;644,38;100
13/06/2025;647,9;100
12/06/2025;643,39;100
11/06/2025;652,42;100
10/06/2025;652,69;100
06/06/2025;653,71;100
04/06/2025;655,3;100
03/06/2025;655,26;100
02/06/2025;653,35;100
28/05/2025;659,08;100
27/05/2025;656,84;100
26/05/2025;655,4;100
23/05/2025;660,07;100
22/05/2025;659,67;100
21/05/2025;658,88;100
20/05/2025;663,6;100
19/05/2025;662,48;100
16/05/2025;666,45;100
15/05/2025;666,97;100
14/05/2025;665,17;100
13/05/2025;671,3;100
12/05/2025;671,65;100
09/05/2025;663,03;100
08/05/2025;660,38;100
07/05/2025;656,82;100
06/05/2025;658,83;100
05/05/2025;657,87;100
02/05/2025;657,84;100
30/04/2025;656,26;100
29/04/2025;656,26;100
28/04/2025;657,19;100
25/04/2025;657,36;100
24/04/2025;656,25;100
23/04/2025;654,03;100
22/04/2025;650,54;100
16/04/2025;657,61;100
15/04/2025;659,14;100
14/04/2025;656,37;100
11/04/2025;658,16;100
10/04/2025;673,64;100
09/04/2025;676,23;100
08/04/2025;681,72;100
07/04/2025;680,57;100
04/04/2025;674,85;100
03/04/2025;672,37;100
02/04/2025;690,65;100
01/04/2025;691,66;100
31/03/2025;689,9;100
28/03/2025;691,08;100
27/03/2025;691,75;100
26/03/2025;691,56;100
25/03/2025;689,14;100
24/03/2025;689,13;100
21/03/2025;688,98;100
20/03/2025;688,58;100
19/03/2025;684,52;100
18/03/2025;683,26;100
17/03/2025;684,28;100
14/03/2025;685,1;100
13/03/2025;688,87;100
12/03/2025;685,2;100
11/03/2025;683,53;100
10/03/2025;687,73;100
07/03/2025;687,01;100
06/03/2025;690,93;100
05/03/2025;697,48;100
04/03/2025;706,54;100
03/03/2025;712,69;100
28/02/2025;716,39;100
27/02/2025;711,88;100
26/02/2025;711,2;100
25/02/2025;710,63;100
24/02/2025;712,81;100
21/02/2025;712,74;100
20/02/2025;714,26;100
19/02/2025;714,86;100
18/02/2025;713,91;100
17/02/2025;712,28;100
14/02/2025;711,87;100
13/02/2025;717,86;100
12/02/2025;719,22;100
11/02/2025;722,41;100
10/02/2025;722,71;100
07/02/2025;718,9;100
06/02/2025;720,04;100
05/02/2025;715,76;100
04/02/2025;721,92;100
03/02/2025;726,28;100
31/01/2025;717,96;100
30/01/2025;717,25;100
29/01/2025;717,84;100
28/01/2025;716,11;100
27/01/2025;708,69;100
24/01/2025;712,51;100
23/01/2025;717,09;100
22/01/2025;714,47;100
21/01/2025;720,42;100
20/01/2025;723,26;100
17/01/2025;724,49;100
16/01/2025;726,33;100
15/01/2025;724,38;100
14/01/2025;728,23;100
13/01/2025;731,57;100
10/01/2025;724,05;100
09/01/2025;724,01;100
08/01/2025;725,34;100
07/01/2025;717,71;100
06/01/2025;715,43;100
03/01/2025;724,33;100
02/01/2025;722,63;100
30/12/2024;714,29;100
27/12/2024;714,92;100
23/12/2024;717,69;100
20/12/2024;718,13;100
19/12/2024;717,78;100
18/12/2024;710,8;100
17/12/2024;710,58;100
16/12/2024;710,5;100
13/12/2024;708,98;100
12/12/2024;710,92;100
11/12/2024;709,76;100
10/12/2024;708,44;100
09/12/2024;705,7;100
06/12/2024;704,89;100
05/12/2024;707,58;100
04/12/2024;710,8;100
03/12/2024;709,56;100
02/12/2024;709,84;100
29/11/2024;706,11;100
28/11/2024;707,43;100
27/11/2024;708,22;100
26/11/2024;708,85;100
25/11/2024;710,68;100
22/11/2024;716,26;100
21/11/2024;708,61;100
20/11/2024;706,23;100
19/11/2024;705,15;100
18/11/2024;706,89;100
15/11/2024;704,81;100
14/11/2024;708,18;100
13/11/2024;701,83;100
12/11/2024;702,56;100
11/11/2024;700,16;100
08/11/2024;692,29;100
07/11/2024;691,46;100
06/11/2024;697,24;100
05/11/2024;684,46;100
04/11/2024;683,95;100
01/11/2024;685;100
31/10/2024;685,54;100
30/10/2024;689,84;100
29/10/2024;692,3;100
28/10/2024;689,45;100
25/10/2024;689,23;100
24/10/2024;690,66;100
23/10/2024;692,7;100
22/10/2024;689,18;100
21/10/2024;687,25;100
18/10/2024;687,53;100
17/10/2024;686,59;100
16/10/2024;684,68;100
15/10/2024;684,31;100
14/10/2024;683,58;100
11/10/2024;682,12;100
10/10/2024;682,33;100
09/10/2024;680,72;100
08/10/2024;679,1;100
07/10/2024;679,04;100
04/10/2024;676,21;100
03/10/2024;675,74;100
02/10/2024;673,77;100
01/10/2024;672,72;100
30/09/2024;665,95;100
27/09/2024;668,31;100
26/09/2024;668,51;100
25/09/2024;666,21;100
24/09/2024;669,82;100
23/09/2024;670,75;100
20/09/2024;668,01;100
19/09/2024;668,63;100
18/09/2024;670,74;100
17/09/2024;669,91;100
16/09/2024;670,69;100
13/09/2024;673,47;100
12/09/2024;677,38;100
11/09/2024;675,76;100
10/09/2024;676,48;100
09/09/2024;675,69;100
06/09/2024;672,07;100
05/09/2024;672,35;100
04/09/2024;675,16;100
03/09/2024;675,99;100
02/09/2024;674,32;100
30/08/2024;672,76;100
29/08/2024;672,69;100
28/08/2024;670,98;100
27/08/2024;668,42;100
26/08/2024;668,37;100
23/08/2024;670,94;100
22/08/2024;670,13;100
21/08/2024;671,24;100
20/08/2024;673,25;100
19/08/2024;675,81;100
16/08/2024;678,7;100
15/08/2024;677,68;100
14/08/2024;677,19;100
13/08/2024;682,65;100
12/08/2024;683,09;100
09/08/2024;683,54;100
08/08/2024;682,7;100
07/08/2024;683,27;100
06/08/2024;683,72;100
05/08/2024;680,35;100
02/08/2024;688,7;100
01/08/2024;691,57;100
31/07/2024;689,15;100
30/07/2024;689,38;100
29/07/2024;689,89;100
26/07/2024;687,16;100
25/07/2024;687,72;100
24/07/2024;687,85;100
23/07/2024;687,02;100
22/07/2024;685,31;100
19/07/2024;685,12;100
18/07/2024;682,55;100
17/07/2024;682,23;100
16/07/2024;684,38;100
15/07/2024;684,09;100
12/07/2024;685,12;100
11/07/2024;687,3;100
10/07/2024;689,17;100
09/07/2024;689,8;100
08/07/2024;688,38;100
05/07/2024;689,14;100
04/07/2024;690,63;100
03/07/2024;693,32;100
02/07/2024;695,22;100
01/07/2024;694,15;100
28/06/2024;696,64;100
27/06/2024;697,3;100
26/06/2024;697,83;100
25/06/2024;696,23;100
24/06/2024;695,18;100
21/06/2024;697,79;100
20/06/2024;695,78;100
19/06/2024;693,94;100
18/06/2024;696,23;100
17/06/2024;696,44;100
14/06/2024;698,16;100
13/06/2024;691,7;100
12/06/2024;692,88;100
11/06/2024;695,1;100
10/06/2024;693,49;100
07/06/2024;684,65;100
06/06/2024;686,53;100
04/06/2024;686,52;100
03/06/2024;687,97;100
31/05/2024;687,32;100
30/05/2024;689,74;100
29/05/2024;687,18;100
28/05/2024;685,68;100
27/05/2024;688,18;100
24/05/2024;688,3;100
23/05/2024;687,53;100
22/05/2024;688,98;100
21/05/2024;686,83;100
17/05/2024;688,08;100
16/05/2024;686,66;100
15/05/2024;688,86;100
14/05/2024;691,07;100
13/05/2024;691,13;100
08/05/2024;694,4;100
07/05/2024;692,89;100
06/05/2024;692,18;100
03/05/2024;694,18;100
02/05/2024;697,22;100
30/04/2024;695,87;100
29/04/2024;695,72;100
26/04/2024;696,03;100
25/04/2024;695,77;100
24/04/2024;697,88;100
23/04/2024;698,96;100
22/04/2024;701,8;100
19/04/2024;700,48;100
18/04/2024;698,72;100
17/04/2024;701,36;100
16/04/2024;701,41;100
15/04/2024;700,13;100
12/04/2024;700,37;100
11/04/2024;695,35;100
10/04/2024;686,87;100
09/04/2024;686,39;100
08/04/2024;689,16;100
05/04/2024;688,04;100
04/04/2024;687,33;100
03/04/2024;691,73;100
02/04/2024;693,85;100
27/03/2024;689,55;100
26/03/2024;687,15;100
25/03/2024;688,37;100
22/03/2024;689,1;100
21/03/2024;683,77;100
20/03/2024;687,68;100
19/03/2024;687,04;100
18/03/2024;684,66;100
15/03/2024;684,64;100
14/03/2024;682,54;100
13/03/2024;681,72;100
12/03/2024;683,13;100
11/03/2024;682,34;100
08/03/2024;681,92;100
07/03/2024;684,28;100
06/03/2024;685,53;100
05/03/2024;687,09;100
04/03/2024;687,25;100
01/03/2024;689,38;100
29/02/2024;688,53;100
28/02/2024;689,67;100
27/02/2024;686,73;100
26/02/2024;686,9;100
23/02/2024;688,06;100
22/02/2024;687,38;100
21/02/2024;689,66;100
20/02/2024;690,08;100
19/02/2024;691,79;100
16/02/2024;692,29;100
15/02/2024;693,91;100
14/02/2024;695,76;100
13/02/2024;690,71;100
12/02/2024;691,99;100
09/02/2024;691,94;100
08/02/2024;693,08;100
07/02/2024;692,15;100
06/02/2024;694,45;100
05/02/2024;693,84;100
02/02/2024;684,92;100
01/02/2024;689,31;100
31/01/2024;687,92;100
30/01/2024;687,29;100
29/01/2024;688,7;100
26/01/2024;685,76;100
25/01/2024;684,48;100
24/01/2024;683,8;100
23/01/2024;685,93;100
22/01/2024;684,89;100
19/01/2024;684,99;100
18/01/2024;685,71;100
17/01/2024;685,72;100
16/01/2024;685,37;100
15/01/2024;681,5;100
12/01/2024;681,46;100
11/01/2024;678,69;100
10/01/2024;681,36;100
09/01/2024;681,69;100
08/01/2024;681,66;100
05/01/2024;682,94;100
04/01/2024;681;100
03/01/2024;683,04;100
02/01/2024;680,46;100
29/12/2023;674,47;100
28/12/2023;670,73;100
27/12/2023;673,74;100
22/12/2023;676,4;100
21/12/2023;678,85;100
20/12/2023;681,33;100
19/12/2023;680,2;100
18/12/2023;682,81;100
15/12/2023;681,13;100
14/12/2023;682,9;100
13/12/2023;691,26;100
12/12/2023;690,2;100
11/12/2023;693,16;100
08/12/2023;691,83;100
07/12/2023;692,15;100
06/12/2023;691,75;100
05/12/2023;689,28;100
04/12/2023;686,09;100
01/12/2023;685,45;100
30/11/2023;681,99;100
29/11/2023;678,79;100
28/11/2023;680,98;100
27/11/2023;680,8;100
24/11/2023;683,02;100
23/11/2023;684,03;100
22/11/2023;683,23;100
21/11/2023;680,57;100
20/11/2023;682,33;100
17/11/2023;686;100
16/11/2023;687,55;100
15/11/2023;686,31;100
14/11/2023;695,61;100
13/11/2023;699,14;100
10/11/2023;698,09;100
09/11/2023;697,63;100
08/11/2023;698,9;100
07/11/2023;697,89;100
06/11/2023;694,41;100
03/11/2023;697,3;100
02/11/2023;700,08;100
01/11/2023;708,4;100
31/10/2023;702,96;100
30/10/2023;703,81;100
27/10/2023;708,08;100
26/10/2023;708,08;100
25/10/2023;705,74;100
24/10/2023;702,11;100
23/10/2023;704,29;100
20/10/2023;704,56;100
19/10/2023;706,81;100
18/10/2023;706,2;100
17/10/2023;705,93;100
16/10/2023;707,84;100
13/10/2023;708,68;100
12/10/2023;702,16;100
11/10/2023;703,2;100
10/10/2023;704,63;100
09/10/2023;708,11;100
06/10/2023;706;100
05/10/2023;708,51;100
04/10/2023;710,57;100
03/10/2023;712,43;100
02/10/2023;708,31;100
29/09/2023;703,9;100
28/09/2023;707,45;100
27/09/2023;707,73;100
26/09/2023;703,21;100
25/09/2023;701,32;100
22/09/2023;700,26;100
21/09/2023;700,96;100
20/09/2023;696,39;100
19/09/2023;695,89;100
18/09/2023;699,16;100
15/09/2023;699,69;100
14/09/2023;695,26;100
13/09/2023;695,14;100
12/09/2023;696,36;100
11/09/2023;695,47;100
08/09/2023;696,85;100
07/09/2023;696,54;100
06/09/2023;693,93;100
05/09/2023;694,56;100
04/09/2023;690;100
01/09/2023;687,27;100
31/08/2023;685,71;100
30/08/2023;684,65;100
29/08/2023;689,89;100
28/08/2023;689,58;100
25/08/2023;689,65;100
24/08/2023;687,63;100
23/08/2023;689,78;100
22/08/2023;684,62;100
21/08/2023;683,2;100
18/08/2023;685,69;100
17/08/2023;683,65;100
16/08/2023;682,67;100
15/08/2023;682,03;100
14/08/2023;681,75;100
11/08/2023;677,12;100
10/08/2023;676,21;100
09/08/2023;679,35;100
08/08/2023;680,88;100
07/08/2023;678,4;100
04/08/2023;680,74;100
03/08/2023;681,64;100
02/08/2023;678,36;100
01/08/2023;679,29;100
31/07/2023;676,12;100
28/07/2023;676,9;100
27/07/2023;669,82;100
26/07/2023;673,81;100
25/07/2023;674,28;100
24/07/2023;671,54;100
21/07/2023;669,86;100
20/07/2023;665,43;100
19/07/2023;663,94;100
18/07/2023;662,01;100
17/07/2023;663,44;100
14/07/2023;663,79;100
13/07/2023;666,46;100
12/07/2023;676,14;100
11/07/2023;678,21;100
10/07/2023;680,1;100
07/07/2023;684,38;100
06/07/2023;683,48;100
05/07/2023;684,64;100
04/07/2023;683,61;100
03/07/2023;683,26;100
30/06/2023;685,39;100
29/06/2023;680,89;100
28/06/2023;680,83;100
27/06/2023;680,07;100
26/06/2023;681,97;100
23/06/2023;684,35;100
22/06/2023;678,07;100
21/06/2023;681,85;100
20/06/2023;681,34;100
19/06/2023;682,09;100
16/06/2023;679,42;100
15/06/2023;688,82;100
14/06/2023;689,51;100
13/06/2023;690,48;100
12/06/2023;692,24;100
09/06/2023;691,14;100
08/06/2023;693,84;100
07/06/2023;695,1;100
06/06/2023;697,31;100
02/06/2023;692,07;100
01/06/2023;696,24;100
31/05/2023;697,18;100
30/05/2023;693,28;100
26/05/2023;692,86;100
25/05/2023;694,01;100
24/05/2023;690,56;100
23/05/2023;690,93;100
22/05/2023;688,21;100
17/05/2023;687,75;100
16/05/2023;684,39;100
15/05/2023;684,73;100
12/05/2023;683,84;100
11/05/2023;681,46;100
10/05/2023;680,16;100
09/05/2023;679,37;100
08/05/2023;674,76;100
04/05/2023;672,77;100
03/05/2023;674,76;100
02/05/2023;679,78;100
28/04/2023;678,79;100
27/04/2023;675,04;100
26/04/2023;675,19;100
25/04/2023;676,19;100
24/04/2023;677,42;100
21/04/2023;678,88;100
20/04/2023;680,96;100
19/04/2023;681,55;100
18/04/2023;679,12;100
17/04/2023;678,63;100
14/04/2023;673,87;100
13/04/2023;676,43;100
12/04/2023;682,16;100
11/04/2023;683,22;100
05/04/2023;680,97;100
04/04/2023;683,54;100
03/04/2023;685,41;100
31/03/2023;684,92;100
30/03/2023;684,3;100
29/03/2023;686,78;100
28/03/2023;687,13;100
27/03/2023;691,68;100
24/03/2023;693,52;100
23/03/2023;684,64;100
22/03/2023;690,51;100
21/03/2023;691,03;100
20/03/2023;694,69;100
17/03/2023;700,84;100
16/03/2023;702,94;100
15/03/2023;705,72;100
14/03/2023;693,37;100
13/03/2023;695,35;100
10/03/2023;703,05;100
09/03/2023;705,14;100
08/03/2023;705,66;100
07/03/2023;697,85;100
06/03/2023;699,07;100
03/03/2023;701,01;100
02/03/2023;701,72;100
01/03/2023;696,66;100
28/02/2023;701,04;100
27/02/2023;705,19;100
24/02/2023;704,24;100
23/02/2023;701,1;100
22/02/2023;699,54;100
21/02/2023;698,2;100
20/02/2023;697,59;100
17/02/2023;700,84;100
16/02/2023;696,17;100
15/02/2023;696,4;100
14/02/2023;692,57;100
13/02/2023;697,03;100
10/02/2023;696,4;100
09/02/2023;690,92;100
08/02/2023;693,26;100
07/02/2023;695,47;100
06/02/2023;690,72;100
03/02/2023;680,65;100
02/02/2023;677,04;100
01/02/2023;682,91;100
31/01/2023;686,68;100
30/01/2023;682,23;100
27/01/2023;684,57;100
26/01/2023;682,73;100
25/01/2023;683,77;100
24/01/2023;685,2;100
23/01/2023;684,33;100
20/01/2023;687,15;100
19/01/2023;687,91;100
18/01/2023;686,4;100
17/01/2023;686,03;100
16/01/2023;688,05;100
13/01/2023;687,88;100
12/01/2023;690,54;100
11/01/2023;692,05;100
10/01/2023;693,6;100
09/01/2023;695,34;100
06/01/2023;708,29;100
05/01/2023;701,57;100
04/01/2023;701,71;100
03/01/2023;705,26;100
02/01/2023;696,19;100
30/12/2022;697,22;100
29/12/2022;698,33;100
28/12/2022;698,92;100
27/12/2022;699,98;100
23/12/2022;700,09;100
22/12/2022;699,4;100
21/12/2022;699,32;100
20/12/2022;701,84;100
19/12/2022;701,85;100
16/12/2022;700,43;100
15/12/2022;700,38;100
14/12/2022;698,58;100
13/12/2022;705,46;100
12/12/2022;704,21;100
09/12/2022;704,41;100
08/12/2022;707,12;100
07/12/2022;706,45;100
06/12/2022;707,3;100
05/12/2022;702,46;100
02/12/2022;705,76;100
01/12/2022;711,43;100
30/11/2022;716,71;100
29/11/2022;717,41;100
28/11/2022;710,76;100
25/11/2022;716,77;100
24/11/2022;714,19;100
23/11/2022;720,29;100
22/11/2022;723,93;100
21/11/2022;725,91;100
18/11/2022;717,59;100
17/11/2022;720,84;100
16/11/2022;714,43;100
15/11/2022;714,99;100
14/11/2022;720,83;100
11/11/2022;721,61;100
10/11/2022;747,25;100
09/11/2022;740,93;100
08/11/2022;744,08;100
07/11/2022;744,45;100
04/11/2022;753,84;100
03/11/2022;763,18;100
02/11/2022;751,22;100
01/11/2022;748,35;100
31/10/2022;750,9;100
28/10/2022;747,89;100
27/10/2022;741,13;100
26/10/2022;742,1;100
25/10/2022;754,36;100
24/10/2022;755,1;100
21/10/2022;764,46;100
20/10/2022;758,22;100
19/10/2022;760,79;100
18/10/2022;756,41;100
17/10/2022;763,72;100
14/10/2022;765,44;100
13/10/2022;763,78;100
12/10/2022;766,53;100
11/10/2022;765,09;100
10/10/2022;767,08;100
07/10/2022;759,22;100
06/10/2022;754,46;100
05/10/2022;750,26;100
04/10/2022;751,94;100
03/10/2022;761,63;100
30/09/2022;762,87;100
29/09/2022;766,18;100
28/09/2022;777,5;100
27/09/2022;771,11;100
26/09/2022;770,94;100
23/09/2022;762,41;100
22/09/2022;752,38;100
21/09/2022;750,7;100
20/09/2022;744,72;100
19/09/2022;744,47;100
16/09/2022;747,1;100
15/09/2022;744,26;100
14/09/2022;744,4;100
13/09/2022;730,87;100
12/09/2022;732,3;100
09/09/2022;740,02;100
08/09/2022;742,98;100
07/09/2022;752,3;100
06/09/2022;749,04;100
05/09/2022;749,64;100
02/09/2022;744,22;100
01/09/2022;743,42;100
31/08/2022;743,71;100
30/08/2022;741,24;100
29/08/2022;744,83;100
26/08/2022;743,27;100
25/08/2022;745,98;100
24/08/2022;748,75;100
23/08/2022;749,21;100
22/08/2022;743,63;100
19/08/2022;739,74;100
18/08/2022;730,88;100
17/08/2022;731,77;100
16/08/2022;734,06;100
15/08/2022;729,5;100
12/08/2022;723,33;100
11/08/2022;719,63;100
10/08/2022;725,68;100
09/08/2022;727,06;100
08/08/2022;729,53;100
05/08/2022;727,21;100
04/08/2022;731,02;100
03/08/2022;730,11;100
02/08/2022;728,01;100
01/08/2022;727,62;100
29/07/2022;729,93;100
28/07/2022;735,45;100
27/07/2022;733,31;100
26/07/2022;735,37;100
25/07/2022;727,33;100
22/07/2022;730,55;100
21/07/2022;729,93;100
20/07/2022;729,99;100
19/07/2022;726,69;100
18/07/2022;734,73;100
15/07/2022;739,93;100
14/07/2022;743,88;100
13/07/2022;739,21;100
12/07/2022;740,97;100
11/07/2022;736,92;100
08/07/2022;732,3;100
07/07/2022;730,89;100
06/07/2022;731,09;100
05/07/2022;722,99;100
04/07/2022;711,54;100
01/07/2022;713,58;100
30/06/2022;716,2;100
29/06/2022;707,35;100
28/06/2022;704,42;100
27/06/2022;703,82;100
24/06/2022;706,94;100
23/06/2022;708,93;100
22/06/2022;707,03;100
21/06/2022;705,15;100
20/06/2022;707,3;100
17/06/2022;709,36;100
16/06/2022;715,25;100
15/06/2022;713,18;100
14/06/2022;711,85;100
13/06/2022;711,59;100
10/06/2022;703,24;100
09/06/2022;692,46;100
08/06/2022;692,67;100
07/06/2022;697,76;100
03/06/2022;693,27;100
02/06/2022;695,76;100
01/06/2022;694,48;100
31/05/2022;694,43;100
30/05/2022;691,11;100
25/05/2022;698,25;100
24/05/2022;694,13;100
23/05/2022;698,12;100
20/05/2022;703,64;100
19/05/2022;707,11;100
18/05/2022;707,2;100
17/05/2022;705,95;100
16/05/2022;714,05;100
12/05/2022;714,96;100
11/05/2022;704,95;100
10/05/2022;704,81;100
09/05/2022;704,47;100
06/05/2022;703,88;100
05/05/2022;704,06;100
04/05/2022;706,57;100
03/05/2022;704,84;100
02/05/2022;706,87;100
29/04/2022;706,02;100
28/04/2022;709,79;100
27/04/2022;703,11;100
26/04/2022;696,96;100
25/04/2022;692,27;100
22/04/2022;687,82;100
21/04/2022;683,41;100
20/04/2022;687,03;100
19/04/2022;688,61;100
13/04/2022;687,02;100
12/04/2022;684,83;100
11/04/2022;682,34;100
08/04/2022;684,76;100
07/04/2022;681,37;100
06/04/2022;680,93;100
05/04/2022;678,07;100
04/04/2022;675,92;100
01/04/2022;673,07;100
31/03/2022;670,02;100
30/03/2022;668,62;100
29/03/2022;671,07;100
28/03/2022;678,4;100
25/03/2022;676,28;100
24/03/2022;677,69;100
23/03/2022;677,11;100
22/03/2022;674,91;100
21/03/2022;674,13;100
18/03/2022;676,08;100
17/03/2022;673,6;100
16/03/2022;676,84;100
15/03/2022;677,01;100
14/03/2022;678,88;100
11/03/2022;677;100
10/03/2022;671,25;100
09/03/2022;677,16;100
08/03/2022;683,45;100
07/03/2022;682,94;100
04/03/2022;680,7;100
03/03/2022;671,71;100
02/03/2022;669,79;100
01/03/2022;666,34;100
28/02/2022;664,38;100
25/02/2022;663,5;100
24/02/2022;666,53;100
23/02/2022;655,75;100
22/02/2022;655,9;100
21/02/2022;656,17;100
18/02/2022;655,12;100
17/02/2022;654,34;100
16/02/2022;654,33;100
15/02/2022;655,99;100
14/02/2022;657,57;100
11/02/2022;651,66;100
10/02/2022;650,44;100
09/02/2022;650,96;100
08/02/2022;652,5;100
07/02/2022;650,33;100
04/02/2022;649,27;100
03/02/2022;659,12;100
02/02/2022;656,92;100
01/02/2022;660,81;100
31/01/2022;667,08;100
28/01/2022;668,27;100
27/01/2022;666,92;100
26/01/2022;659,93;100
25/01/2022;660,61;100
24/01/2022;658,45;100
21/01/2022;655,9;100
20/01/2022;656,41;100
19/01/2022;655,96;100
18/01/2022;654,75;100
17/01/2022;652,61;100
14/01/2022;650,07;100
13/01/2022;649,12;100
12/01/2022;654,48;100
11/01/2022;656,35;100
10/01/2022;657,19;100
07/01/2022;658,35;100
06/01/2022;657,47;100
05/01/2022;657,16;100
04/01/2022;659,44;100
03/01/2022;655,06;100
30/12/2021;656,12;100
29/12/2021;657,92;100
28/12/2021;656,27;100
27/12/2021;657,37;100
23/12/2021;657,49;100
22/12/2021;658,01;100
21/12/2021;658,36;100
20/12/2021;659,66;100
17/12/2021;656,35;100
16/12/2021;655,98;100
15/12/2021;660,29;100
14/12/2021;657,55;100
13/12/2021;659,35;100
10/12/2021;659,65;100
09/12/2021;657,43;100
08/12/2021;658,13;100
07/12/2021;660,65;100
06/12/2021;658,83;100
03/12/2021;658,6;100
02/12/2021;655,81;100
01/12/2021;657,26;100
30/11/2021;654,48;100
29/11/2021;659,52;100
26/11/2021;658,62;100
25/11/2021;662,59;100
24/11/2021;663,64;100
23/11/2021;660,48;100
22/11/2021;659,41;100
19/11/2021;659,8;100
18/11/2021;655,46;100
17/11/2021;657,17;100
16/11/2021;654,18;100
15/11/2021;649,9;100
12/11/2021;649,63;100
11/11/2021;648,97;100
10/11/2021;643,5;100
09/11/2021;642,45;100
08/11/2021;642,4;100
05/11/2021;645,68;100
04/11/2021;642,9;100
03/11/2021;642,43;100
02/11/2021;641,2;100
01/11/2021;642,56;100
29/10/2021;638,81;100
28/10/2021;641,69;100
27/10/2021;640,39;100
26/10/2021;640,32;100
25/10/2021;641,2;100
22/10/2021;639,77;100
21/10/2021;639,39;100
20/10/2021;640,14;100
19/10/2021;638,4;100
18/10/2021;641,16;100
15/10/2021;641,29;100
14/10/2021;641,32;100
13/10/2021;643,55;100
12/10/2021;643,95;100
11/10/2021;642,92;100
08/10/2021;643,21;100
07/10/2021;643,48;100
06/10/2021;644,58;100
05/10/2021;641,09;100
04/10/2021;639,17;100
01/10/2021;641,14;100
30/09/2021;642,2;100
29/09/2021;638,06;100
28/09/2021;636,75;100
27/09/2021;635,66;100
24/09/2021;634,54;100
23/09/2021;634,76;100
22/09/2021;633,99;100
21/09/2021;633,5;100
20/09/2021;634,95;100
17/09/2021;631,24;100
16/09/2021;632,15;100
15/09/2021;628,9;100
14/09/2021;629,43;100
13/09/2021;631,26;100
10/09/2021;628;100
09/09/2021;628,16;100
08/09/2021;628,73;100
07/09/2021;627;100
06/09/2021;626,77;100
03/09/2021;626,36;100
02/09/2021;627,72;100
01/09/2021;629,27;100
31/08/2021;628,36;100
30/08/2021;630,12;100
27/08/2021;632,28;100
26/08/2021;631,99;100
25/08/2021;633,66;100
24/08/2021;633,48;100
23/08/2021;634,66;100
20/08/2021;637,2;100
19/08/2021;635,85;100
18/08/2021;634,38;100
17/08/2021;631,98;100
16/08/2021;631,73;100
13/08/2021;632,13;100
12/08/2021;633,54;100
11/08/2021;634,69;100
10/08/2021;634,47;100
09/08/2021;632,34;100
06/08/2021;629,89;100
05/08/2021;627,56;100
04/08/2021;626,99;100
03/08/2021;625,8;100
02/08/2021;625,79;100
30/07/2021;625,51;100
29/07/2021;626,43;100
28/07/2021;629,91;100
27/07/2021;629,73;100
26/07/2021;630,97;100
23/07/2021;632,12;100
22/07/2021;631,69;100
21/07/2021;631,88;100
20/07/2021;631,69;100
19/07/2021;632,13;100
16/07/2021;630,24;100
15/07/2021;629,82;100
14/07/2021;629,66;100
13/07/2021;628;100
12/07/2021;627,53;100
09/07/2021;627,15;100
08/07/2021;628,2;100
07/07/2021;628,53;100
06/07/2021;628,16;100
05/07/2021;626,66;100
02/07/2021;628,94;100
01/07/2021;625,72;100
30/06/2021;625,73;100
29/06/2021;625,53;100
28/06/2021;624,42;100
25/06/2021;622,28;100
24/06/2021;623,01;100
23/06/2021;622,22;100
22/06/2021;625,19;100
21/06/2021;625,38;100
18/06/2021;625,01;100
17/06/2021;623,01;100
16/06/2021;613,38;100
15/06/2021;614,16;100
14/06/2021;613,94;100
11/06/2021;613,29;100
10/06/2021;610,84;100
09/06/2021;609,81;100
08/06/2021;610,44;100
07/06/2021;611,49;100
04/06/2021;613,75;100
03/06/2021;610,2;100
02/06/2021;610,25;100
01/06/2021;608,31;100
31/05/2021;609,5;100
28/05/2021;612,47;100
27/05/2021;609,63;100
26/05/2021;608,06;100
25/05/2021;606,33;100
21/05/2021;610,12;100
20/05/2021;609,39;100
19/05/2021;608,91;100
18/05/2021;608,44;100
17/05/2021;612,39;100
12/05/2021;613,63;100
11/05/2021;611,01;100
10/05/2021;611,07;100
07/05/2021;616,64;100
06/05/2021;616,58;100
05/05/2021;619,41;100
04/05/2021;618,59;100
03/05/2021;617,44;100
29/04/2021;613,08;100
28/04/2021;616,07;100
27/04/2021;615,16;100
26/04/2021;615,32;100
23/04/2021;616,29;100
22/04/2021;617,35;100
21/04/2021;619,34;100
20/04/2021;617,09;100
19/04/2021;617,9;100
16/04/2021;620,46;100
15/04/2021;621,32;100
14/04/2021;621,63;100
13/04/2021;625,2;100
12/04/2021;624,74;100
09/04/2021;625,61;100
08/04/2021;626,44;100
07/04/2021;625,76;100
06/04/2021;629,69;100
31/03/2021;634,31;100
30/03/2021;633,41;100
29/03/2021;631,03;100
26/03/2021;631,14;100
25/03/2021;630,06;100
24/03/2021;628,84;100
23/03/2021;625,77;100
22/03/2021;623,51;100
19/03/2021;625,38;100
18/03/2021;624,24;100
17/03/2021;624,51;100
16/03/2021;623,51;100
15/03/2021;623,84;100
12/03/2021;623,2;100
11/03/2021;621,32;100
10/03/2021;625,34;100
09/03/2021;625,24;100
08/03/2021;626,68;100
05/03/2021;622,91;100
04/03/2021;617,92;100
03/03/2021;617,21;100
02/03/2021;618,23;100
01/03/2021;616,94;100
26/02/2021;613,49;100
25/02/2021;608,29;100
24/02/2021;612,25;100
23/02/2021;612,42;100
22/02/2021;612,92;100
19/02/2021;612,64;100
18/02/2021;615,38;100
17/02/2021;616,65;100
16/02/2021;612,43;100
15/02/2021;613,13;100
12/02/2021;614,15;100
11/02/2021;612,33;100
10/02/2021;613,28;100
09/02/2021;614,42;100
08/02/2021;618,42;100
05/02/2021;620,56;100
04/02/2021;619,93;100
03/02/2021;618,91;100
02/02/2021;617,51;100
01/02/2021;615,47;100
29/01/2021;612,8;100
28/01/2021;615,07;100
27/01/2021;613,98;100
26/01/2021;612,62;100
25/01/2021;612,29;100
22/01/2021;611,98;100
21/01/2021;611,9;100
20/01/2021;614,68;100
19/01/2021;613,2;100
18/01/2021;616,65;100
15/01/2021;613,65;100
14/01/2021;613,6;100
13/01/2021;611,47;100
12/01/2021;611,67;100
11/01/2021;611,46;100
08/01/2021;607,09;100
07/01/2021;606;100
06/01/2021;602,96;100
05/01/2021;606,2;100
04/01/2021;604,9;100
30/12/2020;605,76;100
29/12/2020;606,75;100
28/12/2020;608,57;100
23/12/2020;611,38;100
22/12/2020;607,9;100
21/12/2020;611,2;100
18/12/2020;606,84;100
17/12/2020;607,53;100
16/12/2020;610,51;100
15/12/2020;613,07;100
14/12/2020;611,91;100
11/12/2020;613,75;100
10/12/2020;614,3;100
09/12/2020;614,66;100
08/12/2020;614,46;100
07/12/2020;613,73;100
04/12/2020;612,13;100
03/12/2020;612,62;100
02/12/2020;616,92;100
01/12/2020;622;100
30/11/2020;621,14;100
27/11/2020;624,18;100
26/11/2020;625,38;100
25/11/2020;625,9;100
24/11/2020;627,26;100
23/11/2020;625,76;100
20/11/2020;627,91;100
19/11/2020;629,63;100
18/11/2020;627,87;100
17/11/2020;626,83;100
16/11/2020;629,59;100
13/11/2020;630,28;100
12/11/2020;631,49;100
11/11/2020;632,6;100
10/11/2020;630,46;100
09/11/2020;626,74;100
06/11/2020;627,57;100
05/11/2020;628,15;100
04/11/2020;635,32;100
03/11/2020;636,32;100
02/11/2020;638,99;100
30/10/2020;636,57;100
29/10/2020;636,21;100
28/10/2020;634,73;100
27/10/2020;628,85;100
26/10/2020;629,6;100
23/10/2020;627,59;100
22/10/2020;629,46;100
21/10/2020;628,01;100
20/10/2020;630,19;100
19/10/2020;631,4;100
16/10/2020;633,85;100
15/10/2020;636,25;100
14/10/2020;633,52;100
13/10/2020;631,48;100
12/10/2020;630,82;100
09/10/2020;630,96;100
08/10/2020;632,58;100
07/10/2020;632,29;100
06/10/2020;630,84;100
05/10/2020;632,22;100
02/10/2020;634,39;100
01/10/2020;633,26;100
30/09/2020;635,99;100
29/09/2020;636,31;100
28/09/2020;638,04;100
25/09/2020;640,06;100
24/09/2020;639,12;100
23/09/2020;636,58;100
22/09/2020;633,88;100
21/09/2020;631,27;100
18/09/2020;628,78;100
17/09/2020;630,63;100
16/09/2020;626,81;100
15/09/2020;625,6;100
14/09/2020;626,46;100
11/09/2020;627,65;100
10/09/2020;627,93;100
09/09/2020;631,98;100
08/09/2020;631,37;100
07/09/2020;629,32;100
04/09/2020;628,3;100
03/09/2020;629,82;100
02/09/2020;627,37;100
01/09/2020;620,96;100
31/08/2020;623,44;100
28/08/2020;624,75;100
27/08/2020;630,43;100
26/08/2020;631,43;100
25/08/2020;629,96;100
24/08/2020;628,3;100
21/08/2020;632,52;100
20/08/2020;628,28;100
19/08/2020;623,93;100
18/08/2020;625,45;100
17/08/2020;628,28;100
14/08/2020;630,41;100
13/08/2020;629,38;100
12/08/2020;632,67;100
11/08/2020;632;100
10/08/2020;633,16;100
07/08/2020;630,3;100
06/08/2020;629,06;100
05/08/2020;628,55;100
04/08/2020;632,91;100
03/08/2020;635,05;100
31/07/2020;628,31;100
30/07/2020;633,79;100
29/07/2020;634,77;100
28/07/2020;635,22;100
27/07/2020;632,96;100
24/07/2020;641,26;100
23/07/2020;643,35;100
22/07/2020;642,96;100
21/07/2020;650,61;100
20/07/2020;650,59;100
17/07/2020;651,5;100
16/07/2020;652,29;100
15/07/2020;650,69;100
14/07/2020;654,48;100
13/07/2020;657,15;100
10/07/2020;660,54;100
09/07/2020;656,88;100
08/07/2020;660,05;100
07/07/2020;660,07;100
06/07/2020;657,98;100
03/07/2020;663,9;100
02/07/2020;660,16;100
01/07/2020;665,43;100
30/06/2020;665,53;100
29/06/2020;660,5;100
26/06/2020;664,61;100
25/06/2020;665,48;100
24/06/2020;660,73;100
23/06/2020;658,57;100
22/06/2020;664,79;100
19/06/2020;665,07;100
18/06/2020;664,37;100
17/06/2020;663,82;100
16/06/2020;659,37;100
15/06/2020;662,57;100
12/06/2020;659,51;100
11/06/2020;656,94;100
10/06/2020;655,41;100
09/06/2020;660,24;100
08/06/2020;660,66;100
04/06/2020;662,73;100
03/06/2020;665,95;100
02/06/2020;667,09;100
29/05/2020;669,38;100
28/05/2020;676,69;100
27/05/2020;678,58;100
26/05/2020;679,34;100
25/05/2020;683,48;100
20/05/2020;680,46;100
19/05/2020;680,93;100
18/05/2020;688,22;100
15/05/2020;690,65;100
14/05/2020;691;100
13/05/2020;685,57;100
12/05/2020;686,84;100
11/05/2020;689,16;100
07/05/2020;691,88;100
06/05/2020;690,46;100
05/05/2020;688,11;100
04/05/2020;681,98;100
30/04/2020;685,77;100
29/04/2020;687,8;100
28/04/2020;685,58;100
27/04/2020;687,35;100
24/04/2020;690,53;100
23/04/2020;692,32;100
22/04/2020;686,38;100
21/04/2020;688,22;100
20/04/2020;686,78;100
17/04/2020;686,95;100
16/04/2020;685,33;100
15/04/2020;684,55;100
14/04/2020;680,68;100
08/04/2020;686,6;100
07/04/2020;686,04;100
06/04/2020;691,87;100
03/04/2020;692,53;100
02/04/2020;684,59;100
01/04/2020;682,53;100
31/03/2020;681,58;100
30/03/2020;676,7;100
27/03/2020;679,66;100
26/03/2020;679,89;100
25/03/2020;689,78;100
24/03/2020;688,64;100
23/03/2020;692,81;100
20/03/2020;697,59;100
19/03/2020;691,89;100
18/03/2020;683,48;100
17/03/2020;680,5;100
16/03/2020;669,81;100
13/03/2020;673,02;100
12/03/2020;664,83;100
11/03/2020;659,19;100
10/03/2020;655,96;100
09/03/2020;652,02;100
06/03/2020;658,94;100
05/03/2020;667,85;100
04/03/2020;671,7;100
03/03/2020;672,21;100
02/03/2020;671,91;100
28/02/2020;680,72;100
27/02/2020;681,55;100
26/02/2020;686,99;100
25/02/2020;689,12;100
24/02/2020;690,51;100
21/02/2020;691,62;100
20/02/2020;692,13;100
19/02/2020;691,6;100
18/02/2020;690,66;100
17/02/2020;689,44;100
14/02/2020;689,11;100
13/02/2020;687,6;100
12/02/2020;684,61;100
11/02/2020;685,45;100
10/02/2020;682,35;100
07/02/2020;681,23;100
06/02/2020;679,13;100
05/02/2020;677,93;100
04/02/2020;676,4;100
03/02/2020;675,3;100
31/01/2020;676,18;100
30/01/2020;677,57;100
29/01/2020;679,28;100
28/01/2020;679,04;100
27/01/2020;677,8;100
24/01/2020;677,21;100
23/01/2020;673,81;100
22/01/2020;673,96;100
21/01/2020;672,29;100
20/01/2020;674,12;100
17/01/2020;672,75;100
16/01/2020;669,08;100
15/01/2020;670,68;100
14/01/2020;672,34;100
13/01/2020;671,69;100
10/01/2020;673,8;100
09/01/2020;672,65;100
08/01/2020;672,34;100
07/01/2020;668,91;100
06/01/2020;667,61;100
03/01/2020;670,41;100
02/01/2020;667,55;100
30/12/2019;667,59;100
27/12/2019;669,81;100
23/12/2019;674,66;100
20/12/2019;673,34;100
19/12/2019;672,15;100
18/12/2019;672,24;100
17/12/2019;669,51;100
16/12/2019;670,47;100
13/12/2019;668,79;100
12/12/2019;671,02;100
11/12/2019;674,74;100
10/12/2019;674,65;100
09/12/2019;674,7;100
06/12/2019;673,54;100
05/12/2019;673,48;100
04/12/2019;674,26;100
03/12/2019;674,91;100
02/12/2019;677,78;100
29/11/2019;680,32;100
28/11/2019;678,92;100
27/11/2019;678,64;100
26/11/2019;678,04;100
25/11/2019;678,74;100
22/11/2019;675,77;100
21/11/2019;673,81;100
20/11/2019;675,75;100
19/11/2019;674,56;100
18/11/2019;675,58;100
15/11/2019;677,21;100
14/11/2019;679,46;100
13/11/2019;678,95;100
12/11/2019;678,37;100
11/11/2019;676,77;100
08/11/2019;677,24;100
07/11/2019;674,55;100
06/11/2019;673,7;100
05/11/2019;672,54;100
04/11/2019;669,59;100
01/11/2019;670,72;100
31/10/2019;669,79;100
30/10/2019;672,69;100
29/10/2019;673,33;100
28/10/2019;673,83;100
25/10/2019;672,58;100
24/10/2019;671,32;100
23/10/2019;671,64;100
22/10/2019;671,23;100
21/10/2019;668,65;100
18/10/2019;670,33;100
17/10/2019;672,25;100
16/10/2019;677,66;100
15/10/2019;678,65;100
14/10/2019;677,08;100
11/10/2019;676,34;100
10/10/2019;677,1;100
09/10/2019;680,18;100
08/10/2019;679,86;100
07/10/2019;679,33;100
04/10/2019;680,08;100
03/10/2019;681,73;100
02/10/2019;683,43;100
01/10/2019;685,03;100
30/09/2019;685,66;100
27/09/2019;682,77;100
26/09/2019;682,42;100
25/09/2019;679,73;100
24/09/2019;678,55;100
23/09/2019;679,69;100
20/09/2019;676,95;100
19/09/2019;674,73;100
18/09/2019;675,59;100
17/09/2019;677,23;100
16/09/2019;676,91;100
13/09/2019;673,02;100
12/09/2019;680,67;100
11/09/2019;678,06;100
10/09/2019;675,8;100
09/09/2019;676,14;100
06/09/2019;676,65;100
05/09/2019;674,52;100
04/09/2019;676,93;100
03/09/2019;681,78;100
02/09/2019;679,82;100
30/08/2019;675,63;100
29/08/2019;673,5;100
28/08/2019;672,9;100
27/08/2019;671,63;100
26/08/2019;670,78;100
23/08/2019;673,83;100
22/08/2019;672,72;100
21/08/2019;671,51;100
20/08/2019;673,17;100
19/08/2019;671,73;100
16/08/2019;673,44;100
15/08/2019;668,97;100
14/08/2019;666,86;100
13/08/2019;665,06;100
12/08/2019;666,72;100
09/08/2019;666,47;100
08/08/2019;666,76;100
07/08/2019;666,23;100
06/08/2019;667,24;100
05/08/2019;667,66;100
02/08/2019;672,25;100
01/08/2019;676,45;100
31/07/2019;669,66;100
30/07/2019;669,41;100
29/07/2019;671,54;100
26/07/2019;670,34;100
25/07/2019;671,6;100
24/07/2019;670,1;100
23/07/2019;668,21;100
22/07/2019;665,72;100
19/07/2019;665,08;100
18/07/2019;665,76;100
17/07/2019;665,8;100
16/07/2019;665,4;100
15/07/2019;662,61;100
12/07/2019;663,58;100
11/07/2019;661,7;100
10/07/2019;665,21;100
09/07/2019;666,08;100
08/07/2019;665,46;100
05/07/2019;662,83;100
04/07/2019;661,17;100
03/07/2019;660,95;100
02/07/2019;660,46;100
01/07/2019;657,74;100
28/06/2019;655,85;100
27/06/2019;656,47;100
26/06/2019;657,02;100
25/06/2019;655,55;100
24/06/2019;655,28;100
21/06/2019;659,75;100
20/06/2019;660,31;100
19/06/2019;666,29;100
18/06/2019;667,49;100
17/06/2019;664,71;100
14/06/2019;662,9;100
13/06/2019;661,51;100
12/06/2019;659,52;100
11/06/2019;659,78;100
07/06/2019;662,47;100
06/06/2019;662,94;100
04/06/2019;664,17;100
03/06/2019;667,68;100
29/05/2019;669,48;100
28/05/2019;667,34;100
27/05/2019;666,98;100
24/05/2019;667,54;100
23/05/2019;670,47;100
22/05/2019;668,52;100
21/05/2019;669,16;100
20/05/2019;668,77;100
16/05/2019;666,59;100
15/05/2019;667,93;100
14/05/2019;665,34;100
13/05/2019;664,01;100
10/05/2019;664,81;100
09/05/2019;667,02;100
08/05/2019;666,46;100
07/05/2019;667,47;100
06/05/2019;666,68;100
03/05/2019;669,27;100
02/05/2019;665,85;100
30/04/2019;665,41;100
29/04/2019;669,52;100
26/04/2019;670,56;100
25/04/2019;671,25;100
24/04/2019;666,13;100
23/04/2019;663,93;100
17/04/2019;660,58;100
16/04/2019;660,26;100
15/04/2019;659,76;100
12/04/2019;659,33;100
11/04/2019;662,71;100
10/04/2019;661,87;100
09/04/2019;661,97;100
08/04/2019;663,8;100
05/04/2019;664,52;100
04/04/2019;665,29;100
03/04/2019;663,91;100
02/04/2019;666,48;100
01/04/2019;664,3;100
29/03/2019;664,46;100
28/03/2019;665,51;100
27/03/2019;663,03;100
26/03/2019;661,18;100
25/03/2019;659,13;100
22/03/2019;660,25;100
21/03/2019;655,36;100
20/03/2019;657,25;100
19/03/2019;657,02;100
18/03/2019;657,51;100
15/03/2019;660,01;100
14/03/2019;660,68;100
13/03/2019;660,01;100
12/03/2019;661,66;100
11/03/2019;663,54;100
08/03/2019;664,77;100
07/03/2019;661,96;100
06/03/2019;659,96;100
05/03/2019;658,61;100
04/03/2019;658,16;100
01/03/2019;655,48;100
28/02/2019;653,57;100
27/02/2019;655,29;100
26/02/2019;656,77;100
25/02/2019;657,11;100
22/02/2019;658,9;100
21/02/2019;657,2;100
20/02/2019;657,86;100
19/02/2019;660,7;100
18/02/2019;658,72;100
15/02/2019;662,63;100
14/02/2019;662,18;100
13/02/2019;660,04;100
12/02/2019;660,61;100
11/02/2019;659,98;100
08/02/2019;657,8;100
07/02/2019;657,88;100
06/02/2019;655,19;100
05/02/2019;653,51;100
04/02/2019;652,28;100
01/02/2019;650,81;100
31/01/2019;649,87;100
30/01/2019;653,15;100
29/01/2019;653,56;100
28/01/2019;653,81;100
25/01/2019;658,06;100
24/01/2019;658,31;100
23/01/2019;656,88;100
22/01/2019;657,64;100
21/01/2019;657,09;100
18/01/2019;654,7;100
17/01/2019;655,05;100
16/01/2019;655,39;100
15/01/2019;653,34;100
14/01/2019;650,9;100
11/01/2019;647,21;100
10/01/2019;647,2;100
09/01/2019;651,78;100
08/01/2019;652,65;100
07/01/2019;652,47;100
04/01/2019;654,91;100
03/01/2019;658,05;100
02/01/2019;655,16;100
28/12/2018;651,94;100
27/12/2018;656,34;100
21/12/2018;654,2;100
20/12/2018;652,1;100
19/12/2018;654,77;100
18/12/2018;656,37;100
17/12/2018;658,31;100
14/12/2018;661,55;100
13/12/2018;656,47;100
12/12/2018;657,86;100
11/12/2018;655,95;100
10/12/2018;653,3;100
07/12/2018;656,42;100
06/12/2018;657,52;100
05/12/2018;657,3;100
04/12/2018;654,1;100
03/12/2018;658,51;100
30/11/2018;656,94;100
29/11/2018;655,33;100
28/11/2018;661,25;100
27/11/2018;658,7;100
26/11/2018;656,62;100
23/11/2018;657,31;100
22/11/2018;654,35;100
21/11/2018;654,02;100
20/11/2018;653,42;100
19/11/2018;653,06;100
16/11/2018;657,66;100
15/11/2018;660,08;100
14/11/2018;660,6;100
13/11/2018;662,58;100
12/11/2018;662,2;100
09/11/2018;657,45;100
08/11/2018;652,98;100
07/11/2018;649,41;100
06/11/2018;652,72;100
05/11/2018;656,08;100
02/11/2018;653,44;100
01/11/2018;654,82;100
31/10/2018;659,25;100
30/10/2018;656,12;100
29/10/2018;655,6;100
26/10/2018;657,62;100
25/10/2018;653,56;100
24/10/2018;655,05;100
23/10/2018;649,97;100
22/10/2018;649,06;100
19/10/2018;650,44;100
18/10/2018;648,47;100
17/10/2018;647,04;100
16/10/2018;643,9;100
15/10/2018;644,24;100
12/10/2018;644,57;100
11/10/2018;644,52;100
10/10/2018;648,7;100
09/10/2018;652,31;100
08/10/2018;649,93;100
05/10/2018;648,26;100
04/10/2018;648,3;100
03/10/2018;645,71;100
02/10/2018;645,94;100
01/10/2018;642,4;100
28/09/2018;644,13;100
27/09/2018;637,15;100
26/09/2018;635,46;100
25/09/2018;633,41;100
24/09/2018;633,63;100
21/09/2018;634,38;100
20/09/2018;633,8;100
19/09/2018;639,38;100
18/09/2018;637,79;100
17/09/2018;639,14;100
14/09/2018;638,17;100
13/09/2018;641,96;100
12/09/2018;643,88;100
11/09/2018;644,5;100
10/09/2018;644,53;100
07/09/2018;642,1;100
06/09/2018;640,94;100
05/09/2018;643,75;100
04/09/2018;644,75;100
03/09/2018;642,05;100
31/08/2018;639,93;100
30/08/2018;637,77;100
29/08/2018;639,55;100
28/08/2018;636,84;100
27/08/2018;641,12;100
24/08/2018;643,7;100
23/08/2018;644,18;100
22/08/2018;642,11;100
21/08/2018;648,44;100
20/08/2018;653,13;100
17/08/2018;654,71;100
16/08/2018;655,88;100
15/08/2018;658,72;100
14/08/2018;653,56;100
13/08/2018;653,65;100
10/08/2018;650,7;100
09/08/2018;643,2;100
08/08/2018;643,14;100
07/08/2018;642,3;100
06/08/2018;645,59;100
03/08/2018;643,13;100
02/08/2018;641,43;100
01/08/2018;637,09;100
31/07/2018;634,79;100
30/07/2018;637,56;100
27/07/2018;640,86;100
26/07/2018;636,03;100
25/07/2018;637,41;100
24/07/2018;636,46;100
23/07/2018;635,96;100
20/07/2018;638,56;100
19/07/2018;643,23;100
18/07/2018;642,01;100
17/07/2018;636,71;100
16/07/2018;636,08;100
13/07/2018;640,34;100
12/07/2018;639,51;100
11/07/2018;635,2;100
10/07/2018;636,35;100
09/07/2018;632,23;100
06/07/2018;635,69;100
05/07/2018;636,32;100
04/07/2018;639,98;100
03/07/2018;638,71;100
02/07/2018;640,12;100
29/06/2018;639,26;100
28/06/2018;643,26;100
27/06/2018;641,42;100
26/06/2018;638,37;100
25/06/2018;636,9;100
22/06/2018;639,82;100
21/06/2018;645,87;100
20/06/2018;643,68;100
19/06/2018;646,17;100
18/06/2018;641,52;100
15/06/2018;642,49;100
14/06/2018;635,12;100
13/06/2018;633,31;100
12/06/2018;632,02;100
11/06/2018;631,82;100
08/06/2018;633,62;100
07/06/2018;629,29;100
06/06/2018;632,69;100
04/06/2018;634,18;100
01/06/2018;637,94;100
31/05/2018;636,26;100
30/05/2018;639,89;100
29/05/2018;643,96;100
28/05/2018;639,59;100
25/05/2018;637,99;100
24/05/2018;635,2;100
23/05/2018;636,27;100
22/05/2018;631,49;100
18/05/2018;632,23;100
17/05/2018;630,93;100
16/05/2018;632,1;100
15/05/2018;626,88;100
14/05/2018;621,5;100
09/05/2018;627,12;100
08/05/2018;627,66;100
07/05/2018;625,83;100
04/05/2018;622,37;100
03/05/2018;621,22;100
02/05/2018;620,37;100
30/04/2018;616,78;100
26/04/2018;612,34;100
25/04/2018;611,32;100
24/04/2018;609,83;100
23/04/2018;608,57;100
20/04/2018;605,06;100
19/04/2018;601,5;100
18/04/2018;601,21;100
17/04/2018;602,69;100
16/04/2018;602,05;100
13/04/2018;604,59;100
12/04/2018;604,16;100
11/04/2018;601,17;100
10/04/2018;602,44;100
09/04/2018;605,24;100
06/04/2018;608,75;100
05/04/2018;607,44;100
04/04/2018;606,87;100
03/04/2018;605,23;100
28/03/2018;601,01;100
27/03/2018;601,88;100
26/03/2018;600,13;100
23/03/2018;603,26;100
22/03/2018;604,77;100
21/03/2018;606,27;100
20/03/2018;606,75;100
19/03/2018;605,12;100
16/03/2018;605,53;100
15/03/2018;603,57;100
14/03/2018;602,26;100
13/03/2018;601,76;100
12/03/2018;605,56;100
09/03/2018;606,09;100
08/03/2018;599,83;100
07/03/2018;600;100
06/03/2018;600,23;100
05/03/2018;605,09;100
02/03/2018;604,93;100
01/03/2018;611,86;100
28/02/2018;609,67;100
27/02/2018;605,32;100
26/02/2018;604,38;100
23/02/2018;605,49;100
22/02/2018;606,57;100
21/02/2018;604,82;100
20/02/2018;603,51;100
19/02/2018;600,16;100
16/02/2018;597,57;100
15/02/2018;596,28;100
14/02/2018;603,24;100
13/02/2018;603,97;100
12/02/2018;607,18;100
09/02/2018;606,51;100
08/02/2018;607,43;100
07/02/2018;603,26;100
06/02/2018;603,69;100
05/02/2018;598,34;100
02/02/2018;595,81;100
01/02/2018;597,38;100
31/01/2018;597,41;100
30/01/2018;599,11;100
29/01/2018;601,24;100
26/01/2018;598,49;100
25/01/2018;600,02;100
24/01/2018;602,74;100
23/01/2018;607,68;100
22/01/2018;608,24;100
19/01/2018;607,54;100
18/01/2018;608,7;100
17/01/2018;610,25;100
16/01/2018;609,09;100
15/01/2018;606,79;100
12/01/2018;613,72;100
11/01/2018;619,74;100
10/01/2018;620,99;100
09/01/2018;624,11;100
08/01/2018;621,96;100
05/01/2018;618,17;100
04/01/2018;617,07;100
03/01/2018;619,16;100
02/01/2018;616,97;100
29/12/2017;620,77;100
28/12/2017;623,89;100
27/12/2017;625,89;100
22/12/2017;628,05;100
21/12/2017;627,77;100
20/12/2017;628,48;100
19/12/2017;629,58;100
18/12/2017;631,11;100
15/12/2017;630,55;100
14/12/2017;628,39;100
13/12/2017;634,21;100
12/12/2017;632,53;100
11/12/2017;631;100
08/12/2017;633,77;100
07/12/2017;631,38;100
06/12/2017;629,78;100
05/12/2017;628,13;100
04/12/2017;627,21;100
01/12/2017;626,17;100
30/11/2017;628,04;100
29/11/2017;629,26;100
28/11/2017;626,03;100
27/11/2017;622,69;100
24/11/2017;626,6;100
23/11/2017;628,12;100
22/11/2017;633,42;100
21/11/2017;635,04;100
20/11/2017;631,64;100
17/11/2017;630,86;100
16/11/2017;632,21;100
15/11/2017;628,6;100
14/11/2017;633,58;100
13/11/2017;638,44;100
10/11/2017;638,58;100
09/11/2017;639,91;100
08/11/2017;642,23;100
07/11/2017;643,69;100
06/11/2017;642,1;100
03/11/2017;638,42;100
02/11/2017;639,06;100
01/11/2017;640,85;100
31/10/2017;639,39;100
30/10/2017;640,8;100
27/10/2017;641,16;100
26/10/2017;633,3;100
25/10/2017;631,56;100
24/10/2017;632,88;100
23/10/2017;634,05;100
20/10/2017;629,87;100
19/10/2017;629,03;100
18/10/2017;633,57;100
17/10/2017;633,04;100
16/10/2017;630,68;100
13/10/2017;630,31;100
12/10/2017;627,85;100
11/10/2017;629,16;100
10/10/2017;630,91;100
09/10/2017;633,66;100
06/10/2017;635,75;100
05/10/2017;633,83;100
04/10/2017;631,43;100
03/10/2017;633,23;100
02/10/2017;633,67;100
29/09/2017;630,38;100
28/09/2017;631,7;100
27/09/2017;633,8;100
26/09/2017;631,24;100
25/09/2017;626,97;100
22/09/2017;622,08;100
21/09/2017;625,01;100
20/09/2017;619,74;100
19/09/2017;621,57;100
18/09/2017;622,83;100
15/09/2017;621,99;100
14/09/2017;625,99;100
13/09/2017;621,12;100
12/09/2017;623,48;100
11/09/2017;620,13;100
08/09/2017;616,93;100
07/09/2017;621,44;100
06/09/2017;623,53;100
05/09/2017;625,58;100
04/09/2017;624,7;100
01/09/2017;623,98;100
31/08/2017;629,04;100
30/08/2017;624,3;100
29/08/2017;617,47;100
28/08/2017;623,84;100
25/08/2017;630,01;100
24/08/2017;630,01;100
23/08/2017;630,33;100
22/08/2017;631,87;100
21/08/2017;632,37;100
18/08/2017;633,42;100
17/08/2017;635,67;100
16/08/2017;635,07;100
15/08/2017;633,27;100
14/08/2017;630,38;100
11/08/2017;632,13;100
10/08/2017;634;100
09/08/2017;634,15;100
08/08/2017;629,64;100
07/08/2017;630,53;100
04/08/2017;626,79;100
03/08/2017;627,16;100
02/08/2017;628,83;100
01/08/2017;629,61;100
31/07/2017;634,13;100
28/07/2017;634,02;100
27/07/2017;635,9;100
26/07/2017;638,68;100
25/07/2017;635,89;100
24/07/2017;638,4;100
21/07/2017;638,79;100
20/07/2017;647,51;100
19/07/2017;644,84;100
18/07/2017;643,63;100
17/07/2017;648,8;100
14/07/2017;651,47;100
13/07/2017;651,37;100
12/07/2017;649,57;100
11/07/2017;652,04;100
10/07/2017;653,08;100
07/07/2017;651,69;100
06/07/2017;653,22;100
05/07/2017;656,45;100
04/07/2017;655,04;100
03/07/2017;654,11;100
30/06/2017;651,65;100
29/06/2017;651,6;100
28/06/2017;653,77;100
27/06/2017;659,31;100
26/06/2017;664,74;100
23/06/2017;665,64;100
22/06/2017;666,02;100
21/06/2017;667,47;100
20/06/2017;666,71;100
19/06/2017;664,09;100
16/06/2017;665,9;100
15/06/2017;665,95;100
14/06/2017;663,78;100
13/06/2017;662,97;100
12/06/2017;662,75;100
09/06/2017;665,52;100
08/06/2017;662,42;100
07/06/2017;663,16;100
06/06/2017;660,72;100
02/06/2017;663,21;100
01/06/2017;663,11;100
31/05/2017;663,02;100
30/05/2017;665,86;100
29/05/2017;665,04;100
24/05/2017;664,84;100
23/05/2017;663,75;100
22/05/2017;662,03;100
19/05/2017;665,63;100
18/05/2017;668,65;100
17/05/2017;669,27;100
16/05/2017;672,7;100
15/05/2017;678,04;100
11/05/2017;685,09;100
10/05/2017;683,78;100
09/05/2017;683,28;100
08/05/2017;680,08;100
05/05/2017;678,49;100
04/05/2017;680,56;100
03/05/2017;681,12;100
02/05/2017;681,36;100
28/04/2017;680,54;100
27/04/2017;683,64;100
26/04/2017;682,96;100
25/04/2017;683,1;100
24/04/2017;685,75;100
21/04/2017;695,17;100
20/04/2017;692,24;100
19/04/2017;693,59;100
18/04/2017;696,32;100
12/04/2017;701,26;100
11/04/2017;700,57;100
10/04/2017;703;100
07/04/2017;699,56;100
06/04/2017;697,07;100
05/04/2017;696,33;100
04/04/2017;698,29;100
03/04/2017;697,63;100
31/03/2017;695,72;100
30/03/2017;692,8;100
29/03/2017;692,33;100
28/03/2017;685,2;100
27/03/2017;683,3;100
24/03/2017;688,37;100
23/03/2017;689,38;100
22/03/2017;688,18;100
21/03/2017;688,33;100
20/03/2017;691,46;100
17/03/2017;692,4;100
16/03/2017;693,11;100
15/03/2017;699,86;100
14/03/2017;699,26;100
13/03/2017;697,18;100
10/03/2017;700,84;100
09/03/2017;704,55;100
08/03/2017;704,2;100
07/03/2017;702,91;100
06/03/2017;701,82;100
03/03/2017;703,62;100
02/03/2017;707,02;100
01/03/2017;705,72;100
28/02/2017;701,44;100
27/02/2017;702,1;100
24/02/2017;700,76;100
23/02/2017;703,06;100
22/02/2017;707,05;100
21/02/2017;705,45;100
20/02/2017;700,2;100
17/02/2017;697,97;100
16/02/2017;697,91;100
15/02/2017;704,36;100
14/02/2017;699,98;100
13/02/2017;699,59;100
10/02/2017;699,44;100
09/02/2017;695,35;100
08/02/2017;697,07;100
07/02/2017;696,52;100
06/02/2017;694,29;100
03/02/2017;692,45;100
02/02/2017;688,18;100
01/02/2017;689,25;100
31/01/2017;691,52;100
30/01/2017;699,67;100
27/01/2017;696,27;100
26/01/2017;695,02;100
25/01/2017;692,23;100
24/01/2017;691,86;100
23/01/2017;694;100
20/01/2017;699,39;100
19/01/2017;697,04;100
18/01/2017;697,31;100
17/01/2017;696,03;100
16/01/2017;701,92;100
13/01/2017;697,4;100
12/01/2017;696,15;100
11/01/2017;707,78;100
10/01/2017;703,5;100
09/01/2017;706,91;100
06/01/2017;702,08;100
05/01/2017;707,94;100
04/01/2017;712,3;100
03/01/2017;715,85;100
02/01/2017;710,45;100
30/12/2016;705,28;100
29/12/2016;711,16;100
28/12/2016;714,84;100
27/12/2016;711,84;100
23/12/2016;711,68;100
22/12/2016;711,82;100
21/12/2016;713,39;100
20/12/2016;717,32;100
19/12/2016;713,33;100
16/12/2016;712,14;100
15/12/2016;713,6;100
14/12/2016;698,6;100
13/12/2016;700,94;100
12/12/2016;701,88;100
09/12/2016;704,32;100
08/12/2016;691,23;100
07/12/2016;693,18;100
06/12/2016;692,98;100
05/12/2016;695,16;100
02/12/2016;699,1;100
01/12/2016;700,11;100
30/11/2016;699,61;100
29/11/2016;703,39;100
28/11/2016;702,58;100
25/11/2016;702,23;100
24/11/2016;705,09;100
23/11/2016;701,74;100
22/11/2016;700,75;100
21/11/2016;699,92;100
18/11/2016;699,96;100
17/11/2016;694,4;100
16/11/2016;695,4;100
15/11/2016;691,44;100
14/11/2016;690,59;100
11/11/2016;682,53;100
10/11/2016;683,01;100
09/11/2016;675,17;100
08/11/2016;674,2;100
07/11/2016;672,65;100
04/11/2016;670,8;100
03/11/2016;672,51;100
02/11/2016;670,53;100
01/11/2016;674,73;100
31/10/2016;679,64;100
28/10/2016;681,03;100
27/10/2016;680,66;100
26/10/2016;680,87;100
25/10/2016;684,21;100
24/10/2016;683,08;100
21/10/2016;683,29;100
20/10/2016;677,62;100
19/10/2016;677,74;100
18/10/2016;676,86;100
17/10/2016;676,73;100
14/10/2016;676,22;100
13/10/2016;673,99;100
12/10/2016;675,13;100
11/10/2016;671,65;100
10/10/2016;666,75;100
07/10/2016;667,91;100
06/10/2016;665,29;100
05/10/2016;663,79;100
04/10/2016;666,77;100
03/10/2016;662,72;100
30/09/2016;667,62;100
29/09/2016;664,14;100
28/09/2016;663,8;100
27/09/2016;664;100
26/09/2016;661,86;100
23/09/2016;664,81;100
22/09/2016;663,31;100
21/09/2016;668,57;100
20/09/2016;666,31;100
19/09/2016;667,29;100
16/09/2016;663,38;100
15/09/2016;661,66;100
14/09/2016;663,59;100
13/09/2016;661,84;100
12/09/2016;663,05;100
09/09/2016;660,53;100
08/09/2016;658,9;100
07/09/2016;662,46;100
06/09/2016;666,86;100
05/09/2016;666,97;100
02/09/2016;664,73;100
01/09/2016;667,67;100
31/08/2016;668,63;100
30/08/2016;666,62;100
29/08/2016;666,53;100
26/08/2016;659,54;100
25/08/2016;659,35;100
24/08/2016;660,56;100
23/08/2016;656,35;100
22/08/2016;658,24;100
19/08/2016;657,05;100
18/08/2016;657,34;100
17/08/2016;659,92;100
16/08/2016;658,67;100
15/08/2016;665,52;100
12/08/2016;666,77;100
11/08/2016;666,96;100
10/08/2016;665,09;100
09/08/2016;671,3;100
08/08/2016;670,77;100
05/08/2016;666,66;100
04/08/2016;667,95;100
03/08/2016;664,17;100
02/08/2016;664,61;100
01/08/2016;666,33;100
29/07/2016;669,25;100
28/07/2016;670,86;100
27/07/2016;676,84;100
26/07/2016;676,48;100
25/07/2016;677,41;100
22/07/2016;675,41;100
21/07/2016;675,35;100
20/07/2016;675,42;100
19/07/2016;674,12;100
18/07/2016;673;100
15/07/2016;668,36;100
14/07/2016;666,65;100
13/07/2016;671,77;100
12/07/2016;670,56;100
11/07/2016;673,11;100
08/07/2016;672,2;100
07/07/2016;671,58;100
06/07/2016;672,25;100
05/07/2016;667,5;100
04/07/2016;668,07;100
01/07/2016;667,98;100
30/06/2016;670,09;100
29/06/2016;670,66;100
28/06/2016;671,78;100
27/06/2016;676,21;100
24/06/2016;672,07;100
23/06/2016;653,23;100
22/06/2016;659,26;100
21/06/2016;657,22;100
20/06/2016;656,19;100
17/06/2016;660,76;100
16/06/2016;665,43;100
15/06/2016;662,12;100
14/06/2016;662,43;100
13/06/2016;659,89;100
10/06/2016;657,78;100
09/06/2016;655,58;100
08/06/2016;653,58;100
07/06/2016;655,3;100
06/06/2016;655,36;100
03/06/2016;666,86;100
02/06/2016;664,85;100
01/06/2016;665,7;100
31/05/2016;666,81;100
30/05/2016;667,65;100
27/05/2016;665,89;100
26/05/2016;665,89;100
25/05/2016;667,23;100
24/05/2016;665,88;100
23/05/2016;663,14;100
20/05/2016;662,89;100
19/05/2016;664,16;100
18/05/2016;659,39;100
17/05/2016;657,24;100
13/05/2016;655,6;100
12/05/2016;653,32;100
11/05/2016;652,2;100
10/05/2016;654,03;100
09/05/2016;652,86;100
04/05/2016;646,71;100
03/05/2016;643,31;100
02/05/2016;647,47;100
29/04/2016;652,81;100
28/04/2016;655,33;100
27/04/2016;658,48;100
26/04/2016;659,32;100
25/04/2016;660,67;100
21/04/2016;655,31;100
20/04/2016;654,1;100
19/04/2016;656,11;100
18/04/2016;658,21;100
15/04/2016;659,46;100
14/04/2016;661,35;100
13/04/2016;658,78;100
12/04/2016;653,16;100
11/04/2016;653,42;100
08/04/2016;654,92;100
07/04/2016;654,85;100
06/04/2016;656,42;100
05/04/2016;654,71;100
04/04/2016;654,3;100
01/04/2016;651,71;100
31/03/2016;654,48;100
30/03/2016;658,17;100
29/03/2016;665,97;100
23/03/2016;667,28;100
22/03/2016;664,83;100
21/03/2016;661,38;100
18/03/2016;660,89;100
17/03/2016;659,12;100
16/03/2016;673,94;100
15/03/2016;671,32;100
14/03/2016;670,79;100
11/03/2016;672,66;100
10/03/2016;686,99;100
09/03/2016;679,98;100
08/03/2016;676,59;100
07/03/2016;681,14;100
04/03/2016;680,12;100
03/03/2016;684,02;100
02/03/2016;686,99;100
01/03/2016;686,08;100
29/02/2016;685,18;100
26/02/2016;677,81;100
25/02/2016;676,68;100
24/02/2016;679,55;100
23/02/2016;678,22;100
22/02/2016;676,76;100
19/02/2016;672,54;100
18/02/2016;673,36;100
17/02/2016;670,3;100
16/02/2016;668,49;100
15/02/2016;667,6;100
12/02/2016;662,01;100
11/02/2016;657,78;100
10/02/2016;663,04;100
09/02/2016;664,25;100
08/02/2016;672,29;100
05/02/2016;666,21;100
04/02/2016;665,97;100
03/02/2016;682,55;100
02/02/2016;683,47;100
01/02/2016;685,64;100
29/01/2016;683,41;100
28/01/2016;684,45;100
27/01/2016;685,39;100
26/01/2016;688,59;100
25/01/2016;690;100
22/01/2016;690,42;100
21/01/2016;685,12;100
20/01/2016;684,31;100
19/01/2016;686,68;100
18/01/2016;685,21;100
15/01/2016;683,81;100
14/01/2016;685,06;100
13/01/2016;689,85;100
12/01/2016;688,56;100
11/01/2016;685,19;100
08/01/2016;686,84;100
07/01/2016;686,38;100
06/01/2016;694,5;100
05/01/2016;694,26;100
04/01/2016;684,71;100
30/12/2015;683;100
29/12/2015;681,42;100
28/12/2015;680,82;100
23/12/2015;683,56;100
22/12/2015;681,29;100
21/12/2015;686,38;100
18/12/2015;688,57;100
17/12/2015;688,24;100
16/12/2015;682,49;100
15/12/2015;678,93;100
14/12/2015;679,32;100
11/12/2015;681,36;100
10/12/2015;681,8;100
09/12/2015;681,92;100
08/12/2015;686,04;100
07/12/2015;690,23;100
04/12/2015;684,31;100
03/12/2015;698,94;100
02/12/2015;702,9;100
01/12/2015;703,79;100
30/11/2015;705,21;100
27/11/2015;705,15;100
26/11/2015;703;100
25/11/2015;704,76;100
24/11/2015;700,45;100
23/11/2015;701,78;100
20/11/2015;698;100
19/11/2015;698,07;100
18/11/2015;699,49;100
17/11/2015;699,28;100
16/11/2015;695,79;100
13/11/2015;693,11;100
12/11/2015;695,52;100
11/11/2015;696,19;100
10/11/2015;696,49;100
09/11/2015;692,28;100
06/11/2015;686,67;100
05/11/2015;685,4;100
04/11/2015;682,16;100
03/11/2015;679,55;100
02/11/2015;676,08;100
30/10/2015;676,94;100
29/10/2015;682,31;100
28/10/2015;672,97;100
27/10/2015;674,44;100
26/10/2015;677,53;100
23/10/2015;673,02;100
22/10/2015;659,38;100
21/10/2015;657;100
20/10/2015;655,91;100
19/10/2015;658,18;100
16/10/2015;656,66;100
15/10/2015;652,26;100
14/10/2015;653,92;100
13/10/2015;655,95;100
12/10/2015;655,97;100
09/10/2015;656,57;100
08/10/2015;662,97;100
07/10/2015;662,3;100
06/10/2015;664,75;100
05/10/2015;663,98;100
02/10/2015;668,44;100
01/10/2015;668,92;100
30/09/2015;665,88;100
29/09/2015;665,9;100
28/09/2015;667,83;100
25/09/2015;668,97;100
24/09/2015;663,75;100
23/09/2015;669,05;100
22/09/2015;668,78;100
21/09/2015;663,18;100
18/09/2015;653,4;100
17/09/2015;659,64;100
16/09/2015;664,5;100
15/09/2015;659,09;100
14/09/2015;659,92;100
11/09/2015;662,12;100
10/09/2015;667,06;100
09/09/2015;669,82;100
08/09/2015;668,47;100
07/09/2015;669,42;100
04/09/2015;669,82;100
03/09/2015;664,48;100
02/09/2015;663,1;100
01/09/2015;664,24;100
31/08/2015;665,44;100
28/08/2015;662,32;100
27/08/2015;661,35;100
26/08/2015;654,6;100
25/08/2015;648,66;100
24/08/2015;649,15;100
21/08/2015;661,55;100
20/08/2015;667,33;100
19/08/2015;675,96;100
18/08/2015;674,8;100
17/08/2015;672,37;100
14/08/2015;668,1;100
13/08/2015;671,81;100
12/08/2015;668,97;100
11/08/2015;675,02;100
10/08/2015;680,83;100
07/08/2015;682,02;100
06/08/2015;685,48;100
05/08/2015;685,63;100
04/08/2015;680;100
03/08/2015;681,35;100
31/07/2015;680,36;100
30/07/2015;681,05;100
29/07/2015;676,46;100
28/07/2015;676,78;100
27/07/2015;674,76;100
24/07/2015;682,1;100
23/07/2015;678,37;100
22/07/2015;684,42;100
21/07/2015;686,65;100
20/07/2015;687,57;100
17/07/2015;685,29;100
16/07/2015;686,64;100
15/07/2015;677,89;100
14/07/2015;676,5;100
13/07/2015;675,39;100
10/07/2015;667,21;100
09/07/2015;675,07;100
08/07/2015;676,9;100
07/07/2015;682,59;100
06/07/2015;677,78;100
03/07/2015;672,38;100
02/07/2015;674,17;100
01/07/2015;672,14;100
30/06/2015;666,76;100
29/06/2015;670,12;100
26/06/2015;666,02;100
25/06/2015;665,7;100
24/06/2015;665,47;100
23/06/2015;666,06;100
22/06/2015;657,69;100
19/06/2015;660,33;100
18/06/2015;654,2;100
17/06/2015;661,18;100
16/06/2015;664,94;100
15/06/2015;664,98;100
12/06/2015;665;100
11/06/2015;664,3;100
10/06/2015;661,54;100
09/06/2015;663,2;100
08/06/2015;668,36;100
04/06/2015;659,18;100
03/06/2015;669,99;100
02/06/2015;676,31;100
01/06/2015;681,54;100
29/05/2015;680,01;100
28/05/2015;684,64;100
27/05/2015;686,41;100
26/05/2015;682,31;100
22/05/2015;667,92;100
21/05/2015;669,87;100
20/05/2015;670,97;100
19/05/2015;667,17;100
18/05/2015;655,37;100
13/05/2015;665,09;100
12/05/2015;664,03;100
11/05/2015;669,79;100
08/05/2015;665,17;100
07/05/2015;660,21;100
06/05/2015;664,72;100
05/05/2015;671,47;100
04/05/2015;669,35;100
30/04/2015;665,46;100
29/04/2015;678,23;100
28/04/2015;682,78;100
27/04/2015;689,41;100
24/04/2015;689,27;100
23/04/2015;692,55;100
22/04/2015;694,58;100
21/04/2015;697,29;100
20/04/2015;695,73;100
17/04/2015;689,92;100
16/04/2015;696,83;100
15/04/2015;705,84;100
14/04/2015;707,03;100
13/04/2015;708,06;100
10/04/2015;706,87;100
09/04/2015;693,49;100
08/04/2015;687,88;100
07/04/2015;688,8;100
01/04/2015;694,64;100
31/03/2015;694,27;100
30/03/2015;688,7;100
27/03/2015;687,84;100
26/03/2015;680,56;100
25/03/2015;679,91;100
24/03/2015;681,31;100
23/03/2015;683,24;100
20/03/2015;691,5;100
19/03/2015;697,84;100
18/03/2015;704,22;100
17/03/2015;701,59;100
16/03/2015;707,2;100
13/03/2015;705,59;100
12/03/2015;702,68;100
11/03/2015;705,15;100
10/03/2015;693,95;100
09/03/2015;686,04;100
06/03/2015;679,69;100
05/03/2015;673,43;100
04/03/2015;670,4;100
03/03/2015;667,38;100
02/03/2015;664,76;100
27/02/2015;664,23;100
26/02/2015;659,88;100
25/02/2015;657,94;100
24/02/2015;658,5;100
23/02/2015;660,62;100
20/02/2015;660,4;100
19/02/2015;653,75;100
18/02/2015;654,59;100
17/02/2015;652,12;100
16/02/2015;652,52;100
13/02/2015;654,07;100
12/02/2015;657,18;100
11/02/2015;657,95;100
10/02/2015;658,94;100
09/02/2015;660,22;100
06/02/2015;650,31;100
05/02/2015;652,55;100
04/02/2015;650,36;100
03/02/2015;654,36;100
02/02/2015;658,18;100
30/01/2015;658,47;100
29/01/2015;657,89;100
28/01/2015;656,21;100
27/01/2015;658,79;100
26/01/2015;662,13;100
23/01/2015;664,67;100
22/01/2015;640,85;100
21/01/2015;641,38;100
20/01/2015;642,12;100
19/01/2015;640,63;100
16/01/2015;641,58;100
15/01/2015;635;100
14/01/2015;631,73;100
13/01/2015;631,45;100
12/01/2015;630,22;100
09/01/2015;629,76;100
08/01/2015;632,21;100
07/01/2015;629,03;100
06/01/2015;624,59;100
05/01/2015;624,51;100
02/01/2015;618,07;100
30/12/2014;612,14;100
29/12/2014;610,02;100
23/12/2014;609,25;100
22/12/2014;606,91;100
19/12/2014;605,84;100
18/12/2014;605,56;100
17/12/2014;597,73;100
16/12/2014;593,5;100
15/12/2014;598,58;100
12/12/2014;597,35;100
11/12/2014;598,54;100
10/12/2014;600,36;100
09/12/2014;601,53;100
08/12/2014;606,96;100
05/12/2014;601,84;100
04/12/2014;604,34;100
03/12/2014;603,45;100
02/12/2014;598,89;100
01/12/2014;596,69;100
28/11/2014;596,08;100
27/11/2014;596,13;100
26/11/2014;596,36;100
25/11/2014;598,8;100
24/11/2014;599,52;100
21/11/2014;599,04;100
20/11/2014;593,64;100
19/11/2014;593,85;100
18/11/2014;594,85;100
17/11/2014;595,66;100
14/11/2014;598,54;100
13/11/2014;597,5;100
12/11/2014;596,9;100
11/11/2014;598,85;100
10/11/2014;595,76;100
07/11/2014;600,23;100
06/11/2014;594,42;100
05/11/2014;596,36;100
04/11/2014;594,77;100
03/11/2014;595,86;100
31/10/2014;594,41;100
30/10/2014;590,96;100
29/10/2014;584,48;100
28/10/2014;583,93;100
27/10/2014;587,15;100
24/10/2014;588,13;100
23/10/2014;587,75;100
22/10/2014;586,69;100
21/10/2014;583,53;100
20/10/2014;583,03;100
17/10/2014;580,68;100
16/10/2014;584,01;100
15/10/2014;587,82;100
14/10/2014;588,68;100
13/10/2014;587,1;100
10/10/2014;588,98;100
09/10/2014;583,21;100
08/10/2014;588,71;100
07/10/2014;590,47;100
06/10/2014;592,43;100
03/10/2014;590,05;100
02/10/2014;589,34;100
01/10/2014;590,63;100
30/09/2014;591,52;100
29/09/2014;586,03;100
26/09/2014;584,61;100
25/09/2014;585,53;100
24/09/2014;580,35;100
23/09/2014;577,4;100
22/09/2014;579,5;100
19/09/2014;579,24;100
18/09/2014;578,39;100
17/09/2014;574,7;100
16/09/2014;574,93;100
15/09/2014;576,58;100
12/09/2014;575,65;100
11/09/2014;575,77;100
10/09/2014;575,77;100
09/09/2014;577,04;100
08/09/2014;575,08;100
05/09/2014;575,03;100
04/09/2014;572,19;100
03/09/2014;566,31;100
02/09/2014;567,88;100
01/09/2014;567,23;100
29/08/2014;565,06;100
28/08/2014;565,48;100
27/08/2014;565,68;100
26/08/2014;565,09;100
25/08/2014;564,79;100
22/08/2014;561,94;100
21/08/2014;562,18;100
20/08/2014;561,28;100
19/08/2014;558,34;100
18/08/2014;557,09;100
15/08/2014;556,89;100
14/08/2014;557,5;100
13/08/2014;558,05;100
12/08/2014;558,63;100
11/08/2014;556,97;100
08/08/2014;556,84;100
07/08/2014;557,72;100
06/08/2014;558,69;100
05/08/2014;557,14;100
04/08/2014;555,48;100
01/08/2014;556,6;100
31/07/2014;557,32;100
30/07/2014;556,43;100
29/07/2014;555,28;100
28/07/2014;555,09;100
25/07/2014;554,82;100
24/07/2014;553,54;100
23/07/2014;553,8;100
22/07/2014;553,13;100
21/07/2014;551,61;100
18/07/2014;551,35;100
17/07/2014;551,34;100
16/07/2014;551,03;100
15/07/2014;547,76;100
14/07/2014;547,21;100
11/07/2014;548,41;100
10/07/2014;548,02;100
09/07/2014;548,06;100
08/07/2014;548,65;100
07/07/2014;548,57;100
04/07/2014;548,76;100
03/07/2014;546,45;100
02/07/2014;546,01;100
01/07/2014;544,69;100
30/06/2014;545,89;100
27/06/2014;547,51;100
26/06/2014;547,99;100
25/06/2014;547,56;100
24/06/2014;547,42;100
23/06/2014;548,32;100
20/06/2014;548,73;100
19/06/2014;547,46;100
18/06/2014;549,75;100
17/06/2014;549,55;100
16/06/2014;551,07;100
13/06/2014;551,12;100
12/06/2014;551,46;100
11/06/2014;550,79;100
10/06/2014;550,76;100
06/06/2014;546,99;100
04/06/2014;547,7;100
03/06/2014;547;100
02/06/2014;548,38;100
28/05/2014;548,43;100
27/05/2014;547,25;100
26/05/2014;547,39;100
23/05/2014;547,62;100
22/05/2014;546,15;100
21/05/2014;545,84;100
20/05/2014;544,78;100
19/05/2014;544,26;100
15/05/2014;546,48;100
14/05/2014;544,11;100
13/05/2014;544,69;100
12/05/2014;542,26;100
09/05/2014;541,62;100
08/05/2014;534,92;100
07/05/2014;535,94;100
06/05/2014;535,25;100
05/05/2014;537,98;100
02/05/2014;538,46;100
01/05/2014;537,85;100
30/04/2014;538,91;100
29/04/2014;539,9;100
28/04/2014;538,54;100
25/04/2014;539,66;100
24/04/2014;540,27;100
23/04/2014;539,72;100
22/04/2014;540,37;100
16/04/2014;539,48;100
15/04/2014;540,91;100
14/04/2014;539,99;100
11/04/2014;538,22;100
10/04/2014;538,41;100
09/04/2014;541,25;100
08/04/2014;542,03;100
07/04/2014;544,04;100
04/04/2014;544,91;100
03/04/2014;542,07;100
02/04/2014;541,15;100
01/04/2014;541,37;100
31/03/2014;541,48;100
28/03/2014;542,6;100
27/03/2014;542,66;100
26/03/2014;541,3;100
25/03/2014;541,35;100
24/03/2014;541,94;100
21/03/2014;541,7;100
20/03/2014;542,38;100
19/03/2014;536,48;100
18/03/2014;536,89;100
17/03/2014;536,7;100
14/03/2014;537,55;100
13/03/2014;535,32;100
12/03/2014;537,39;100
11/03/2014;538,82;100
10/03/2014;537,62;100
07/03/2014;537,14;100
06/03/2014;542,94;100
05/03/2014;543,45;100
04/03/2014;542,03;100
03/03/2014;542,02;100
28/02/2014;540,25;100
27/02/2014;546,46;100
26/02/2014;543,66;100
25/02/2014;542,56;100
24/02/2014;543,31;100
21/02/2014;544,43;100
20/02/2014;544,47;100
19/02/2014;542,9;100
18/02/2014;543,43;100
17/02/2014;544,71;100
14/02/2014;544,39;100
13/02/2014;545,66;100
12/02/2014;549,78;100
11/02/2014;545,64;100
10/02/2014;547,17;100
07/02/2014;549,75;100
06/02/2014;552,95;100
05/02/2014;551,02;100
04/02/2014;551,99;100
03/02/2014;552,83;100
31/01/2014;552,08;100
30/01/2014;549,74;100
29/01/2014;548,39;100
28/01/2014;546,68;100
27/01/2014;546,35;100
24/01/2014;545,2;100
23/01/2014;547,12;100
22/01/2014;550,07;100
21/01/2014;551,69;100
20/01/2014;550,07;100
17/01/2014;549,34;100
16/01/2014;548,8;100
15/01/2014;548,43;100
14/01/2014;545,99;100
13/01/2014;546,51;100
10/01/2014;549,21;100
09/01/2014;548,11;100
08/01/2014;548,81;100
07/01/2014;546,88;100
06/01/2014;548,41;100
03/01/2014;547,06;100
02/01/2014;546,08;100
30/12/2013;541,27;100
27/12/2013;540,02;100
23/12/2013;544,53;100
20/12/2013;546,37;100
19/12/2013;545,84;100
18/12/2013;542,63;100
17/12/2013;542,64;100
16/12/2013;541,56;100
13/12/2013;543,53;100
12/12/2013;541,61;100
11/12/2013;541,92;100
10/12/2013;542,57;100
09/12/2013;543,67;100
06/12/2013;546,08;100
05/12/2013;548,74;100
04/12/2013;548,81;100
03/12/2013;549,37;100
02/12/2013;551,11;100
29/11/2013;548,01;100
28/11/2013;548,75;100
27/11/2013;548,59;100
26/11/2013;550,56;100
25/11/2013;551,91;100
22/11/2013;551,75;100
21/11/2013;553,66;100
20/11/2013;551,42;100
19/11/2013;552,4;100
18/11/2013;551,81;100
15/11/2013;554,15;100
14/11/2013;555,14;100
13/11/2013;556,01;100
12/11/2013;555,24;100
11/11/2013;556,86;100
08/11/2013;555,33;100
07/11/2013;558,08;100
06/11/2013;551,85;100
05/11/2013;552,71;100
04/11/2013;552,23;100
01/11/2013;552,27;100
31/10/2013;546,79;100
30/10/2013;542,25;100
29/10/2013;541,76;100
28/10/2013;541,18;100
25/10/2013;541,41;100
24/10/2013;540,35;100
23/10/2013;542,44;100
22/10/2013;545,53;100
21/10/2013;545,79;100
18/10/2013;545,06;100
17/10/2013;545,96;100
16/10/2013;550,03;100
15/10/2013;552,79;100
14/10/2013;549,9;100
11/10/2013;549,85;100
10/10/2013;551,24;100
09/10/2013;551,94;100
08/10/2013;549,49;100
07/10/2013;549,64;100
04/10/2013;548,8;100
03/10/2013;548,75;100
02/10/2013;551,88;100
01/10/2013;550,26;100
30/09/2013;552,24;100
27/09/2013;550,88;100
26/09/2013;552,46;100
25/09/2013;552,26;100
24/09/2013;553,48;100
23/09/2013;552,09;100
20/09/2013;551,78;100
19/09/2013;550,59;100
18/09/2013;558,56;100
17/09/2013;558,34;100
16/09/2013;558,25;100
13/09/2013;560,91;100
12/09/2013;561,17;100
11/09/2013;562,16;100
10/09/2013;563,33;100
09/09/2013;565,33;100
06/09/2013;568,64;100
05/09/2013;564,94;100
04/09/2013;566,26;100
03/09/2013;566,28;100
02/09/2013;564,8;100
30/08/2013;563,61;100
29/08/2013;562,29;100
28/08/2013;558,9;100
27/08/2013;559,28;100
26/08/2013;558,27;100
23/08/2013;558,5;100
22/08/2013;559,85;100
21/08/2013;557,27;100
20/08/2013;556,89;100
19/08/2013;558,84;100
16/08/2013;559,03;100
15/08/2013;560,89;100
14/08/2013;563,19;100
13/08/2013;561,26;100
12/08/2013;561,69;100
09/08/2013;557,75;100
08/08/2013;558,19;100
07/08/2013;560,47;100
06/08/2013;561,5;100
05/08/2013;562,37;100
02/08/2013;564,62;100
01/08/2013;563,24;100
31/07/2013;561,54;100
30/07/2013;561,19;100
29/07/2013;561,87;100
26/07/2013;562,32;100
25/07/2013;564,82;100
24/07/2013;563,06;100
23/07/2013;565,91;100
22/07/2013;566,45;100
19/07/2013;568,26;100
18/07/2013;569,56;100
17/07/2013;567,7;100
16/07/2013;568,46;100
15/07/2013;573,13;100
12/07/2013;572,2;100
11/07/2013;571,79;100
10/07/2013;582,1;100
09/07/2013;580,13;100
08/07/2013;580,5;100
05/07/2013;579;100
04/07/2013;574,58;100
03/07/2013;575,7;100
02/07/2013;573,1;100
01/07/2013;572,15;100
28/06/2013;570,24;100
27/06/2013;572,38;100
26/06/2013;572,78;100
25/06/2013;567,94;100
24/06/2013;570;100
21/06/2013;565,87;100
20/06/2013;565,06;100
19/06/2013;556,44;100
18/06/2013;557,76;100
17/06/2013;559,24;100
14/06/2013;560,64;100
13/06/2013;560,2;100
12/06/2013;561,66;100
11/06/2013;561,85;100
10/06/2013;564,46;100
07/06/2013;562,28;100
06/06/2013;568,29;100
04/06/2013;569,39;100
03/06/2013;573,05;100
31/05/2013;573,25;100
30/05/2013;575,91;100
29/05/2013;575,5;100
28/05/2013;576,03;100
27/05/2013;576,02;100
24/05/2013;576,08;100
23/05/2013;578,38;100
22/05/2013;576,76;100
21/05/2013;579,26;100
17/05/2013;579,1;100
16/05/2013;578,19;100
15/05/2013;579,44;100
14/05/2013;574,33;100
13/05/2013;574,53;100
08/05/2013;567,45;100
07/05/2013;568,6;100
06/05/2013;568,61;100
03/05/2013;568,35;100
02/05/2013;565,23;100
01/05/2013;563,64;100
30/04/2013;570,38;100
29/04/2013;568,63;100
25/04/2013;570,02;100
24/04/2013;573,22;100
23/04/2013;573,83;100
22/04/2013;571,83;100
19/04/2013;568,5;100
18/04/2013;571,51;100
17/04/2013;567,92;100
16/04/2013;567,88;100
15/04/2013;569,99;100
12/04/2013;571,19;100
11/04/2013;568,36;100
10/04/2013;569,79;100
09/04/2013;571,76;100
08/04/2013;572,39;100
05/04/2013;575,92;100
04/04/2013;581,48;100
03/04/2013;581,03;100
02/04/2013;580,59;100
27/03/2013;583,71;100
26/03/2013;579,48;100
25/03/2013;576,28;100
22/03/2013;575,59;100
21/03/2013;577,31;100
20/03/2013;575,76;100
19/03/2013;575,98;100
18/03/2013;576,59;100
15/03/2013;569,93;100
14/03/2013;576,45;100
13/03/2013;574,45;100
12/03/2013;571,34;100
11/03/2013;573,87;100
08/03/2013;569,69;100
07/03/2013;572,99;100
06/03/2013;571,97;100
05/03/2013;572,02;100
04/03/2013;573,19;100
01/03/2013;573,55;100
28/02/2013;567,9;100
27/02/2013;569,34;100
26/02/2013;570,38;100
25/02/2013;560,84;100
22/02/2013;565,72;100
21/02/2013;565,72;100
20/02/2013;558;100
19/02/2013;558,84;100
18/02/2013;558,69;100
15/02/2013;559,77;100
14/02/2013;559,8;100
13/02/2013;553,53;100
12/02/2013;555,25;100
11/02/2013;557,22;100
08/02/2013;557,82;100
07/02/2013;550,75;100
06/02/2013;551,88;100
05/02/2013;551,05;100
04/02/2013;550,46;100
01/02/2013;546,78;100
31/01/2013;550,65;100
30/01/2013;550,99;100
29/01/2013;555,31;100
28/01/2013;554,93;100
25/01/2013;554,06;100
24/01/2013;558,99;100
23/01/2013;559,86;100
22/01/2013;560,46;100
21/01/2013;560,18;100
18/01/2013;560,12;100
17/01/2013;558,24;100
16/01/2013;562,05;100
15/01/2013;559,95;100
14/01/2013;559,37;100
11/01/2013;562,08;100
10/01/2013;568,95;100
09/01/2013;571,43;100
08/01/2013;570,1;100
07/01/2013;572,11;100
04/01/2013;573,25;100
03/01/2013;569,37;100
02/01/2013;562,52;100
28/12/2012;565,91;100
27/12/2012;562,35;100
21/12/2012;564,86;100
20/12/2012;563,28;100
19/12/2012;560,88;100
18/12/2012;566,12;100
17/12/2012;566,97;100
14/12/2012;570,39;100
13/12/2012;570,54;100
12/12/2012;572,12;100
11/12/2012;574,1;100
10/12/2012;576,88;100
07/12/2012;577,99;100
06/12/2012;570,62;100
05/12/2012;570,98;100
04/12/2012;569,84;100
03/12/2012;571,36;100
30/11/2012;574,46;100
29/11/2012;574,14;100
28/11/2012;578,64;100
27/11/2012;575,43;100
26/11/2012;575,29;100
23/11/2012;577,73;100
22/11/2012;578,43;100
21/11/2012;582,38;100
20/11/2012;582,26;100
19/11/2012;584,42;100
16/11/2012;585,21;100
15/11/2012;584,72;100
14/11/2012;586,05;100
13/11/2012;587,37;100
12/11/2012;585,61;100
09/11/2012;587,51;100
08/11/2012;585,67;100
07/11/2012;585,23;100
06/11/2012;582,83;100
05/11/2012;583,78;100
02/11/2012;580,51;100
01/11/2012;574,93;100
31/10/2012;574,14;100
30/10/2012;575,51;100
29/10/2012;578,36;100
26/10/2012;577,87;100
25/10/2012;574,06;100
24/10/2012;576,36;100
23/10/2012;573,52;100
22/10/2012;570,99;100
19/10/2012;572,23;100
18/10/2012;568,63;100
17/10/2012;568,54;100
16/10/2012;571,78;100
15/10/2012;575,06;100
12/10/2012;575,09;100
11/10/2012;577,4;100
10/10/2012;578,65;100
09/10/2012;575,74;100
08/10/2012;575,47;100
05/10/2012;573,42;100
04/10/2012;575,68;100
03/10/2012;577,85;100
02/10/2012;576,6;100
01/10/2012;578,97;100
28/09/2012;576,6;100
27/09/2012;579,15;100
26/09/2012;580,47;100
25/09/2012;576,59;100
24/09/2012;577,29;100
21/09/2012;573,98;100
20/09/2012;575,49;100
19/09/2012;573,33;100
18/09/2012;571,01;100
17/09/2012;569,71;100
14/09/2012;569,34;100
13/09/2012;577,35;100
12/09/2012;578,02;100
11/09/2012;582,8;100
10/09/2012;583,29;100
07/09/2012;586,5;100
06/09/2012;589,6;100
05/09/2012;592,38;100
04/09/2012;592,34;100
03/09/2012;592,87;100
31/08/2012;590,86;100
30/08/2012;593,91;100
29/08/2012;593,88;100
28/08/2012;593,64;100
27/08/2012;594,44;100
24/08/2012;595,48;100
23/08/2012;593,38;100
22/08/2012;598,36;100
21/08/2012;599,16;100
20/08/2012;605,33;100
17/08/2012;603,54;100
16/08/2012;606,27;100
15/08/2012;606,35;100
14/08/2012;602,61;100
13/08/2012;603,22;100
10/08/2012;606,97;100
09/08/2012;605,02;100
08/08/2012;603,42;100
07/08/2012;598,56;100
06/08/2012;601,2;100
03/08/2012;607,72;100
02/08/2012;602,76;100
01/08/2012;605,12;100
31/07/2012;605,72;100
30/07/2012;607,42;100
27/07/2012;603,96;100
26/07/2012;606,72;100
25/07/2012;613,04;100
24/07/2012;615,37;100
23/07/2012;614,59;100
20/07/2012;609,79;100
19/07/2012;605,41;100
18/07/2012;608,04;100
17/07/2012;605,98;100
16/07/2012;610,96;100
13/07/2012;610,46;100
12/07/2012;610,69;100
11/07/2012;606,55;100
10/07/2012;605,45;100
09/07/2012;605,12;100
06/07/2012;601,22;100
05/07/2012;598,48;100
04/07/2012;592,09;100
03/07/2012;591,19;100
02/07/2012;590,35;100
29/06/2012;590,42;100
28/06/2012;598,57;100
27/06/2012;595,74;100
26/06/2012;595,86;100
25/06/2012;595,25;100
22/06/2012;592,89;100
21/06/2012;586,66;100
20/06/2012;585,12;100
19/06/2012;589,06;100
18/06/2012;589,03;100
15/06/2012;589,97;100
14/06/2012;592,08;100
13/06/2012;592,93;100
12/06/2012;594,97;100
11/06/2012;592,55;100
08/06/2012;596,08;100
07/06/2012;590,19;100
06/06/2012;595,3;100
04/06/2012;597,44;100
01/06/2012;603,04;100
31/05/2012;599,2;100
30/05/2012;597,46;100
29/05/2012;593,36;100
25/05/2012;592,3;100
24/05/2012;591,81;100
23/05/2012;587,06;100
22/05/2012;582,06;100
21/05/2012;582,9;100
16/05/2012;583,54;100
15/05/2012;578,8;100
14/05/2012;577,88;100
11/05/2012;574,27;100
10/05/2012;573,53;100
09/05/2012;574,13;100
08/05/2012;570,96;100
07/05/2012;570,6;100
03/05/2012;566,78;100
02/05/2012;566,48;100
01/05/2012;560,8;100
30/04/2012;562,95;100
27/04/2012;562,29;100
26/04/2012;562,94;100
25/04/2012;563,37;100
24/04/2012;565,32;100
23/04/2012;566,58;100
20/04/2012;563,88;100
19/04/2012;568,46;100
18/04/2012;568,16;100
17/04/2012;566,53;100
16/04/2012;571,17;100
13/04/2012;565,76;100
12/04/2012;565,53;100
11/04/2012;566,44;100
10/04/2012;567,29;100
04/04/2012;566,1;100
03/04/2012;558,8;100
02/04/2012;558,65;100
30/03/2012;557,05;100
29/03/2012;560,37;100
28/03/2012;557,55;100
27/03/2012;557,69;100
26/03/2012;560,08;100
23/03/2012;561,51;100
22/03/2012;564,74;100
21/03/2012;562,22;100
20/03/2012;563,37;100
19/03/2012;565,44;100
16/03/2012;566,91;100
15/03/2012;569,41;100
14/03/2012;569,2;100
13/03/2012;569,41;100
12/03/2012;566,72;100
09/03/2012;563,66;100
08/03/2012;561,43;100
07/03/2012;566,65;100
06/03/2012;565,22;100
05/03/2012;562,34;100
02/03/2012;562,5;100
01/03/2012;558,49;100
29/02/2012;553,12;100
28/02/2012;552,66;100
27/02/2012;555,42;100
24/02/2012;554,44;100
23/02/2012;559,2;100
22/02/2012;562,08;100
21/02/2012;562,38;100
20/02/2012;560,37;100
17/02/2012;564,89;100
16/02/2012;572,57;100
15/02/2012;567,71;100
14/02/2012;564,45;100
13/02/2012;560,8;100
10/02/2012;563,52;100
09/02/2012;559,3;100
08/02/2012;559,95;100
07/02/2012;566,89;100
06/02/2012;570,02;100
03/02/2012;564,84;100
02/02/2012;567,7;100
01/02/2012;564,23;100
31/01/2012;564,25;100
30/01/2012;567,06;100
27/01/2012;565,5;100
26/01/2012;565,56;100
25/01/2012;574,43;100
24/01/2012;571,81;100
23/01/2012;571,24;100
20/01/2012;576,36;100
19/01/2012;575,93;100
18/01/2012;579,51;100
17/01/2012;581,34;100
16/01/2012;586,86;100
13/01/2012;582,3;100
12/01/2012;583,9;100
11/01/2012;584,71;100
10/01/2012;580,54;100
09/01/2012;584,19;100
06/01/2012;581,95;100
05/01/2012;579,49;100
04/01/2012;574,3;100
03/01/2012;571,38;100
02/01/2012;574,68;100
30/12/2011;574,56;100
29/12/2011;576,79;100
28/12/2011;568,75;100
27/12/2011;568,75;100
23/12/2011;569,34;100
22/12/2011;569,76;100
21/12/2011;569,47;100
20/12/2011;568,59;100
19/12/2011;569,97;100
16/12/2011;569,01;100
15/12/2011;570,87;100
14/12/2011;572,05;100
13/12/2011;564,19;100
12/12/2011;561,17;100
09/12/2011;555,51;100
08/12/2011;554,39;100
07/12/2011;555,77;100
06/12/2011;555,08;100
05/12/2011;553,14;100
02/12/2011;550,16;100
01/12/2011;550,92;100
30/11/2011;554,26;100
29/11/2011;557,72;100
28/11/2011;557,2;100
25/11/2011;562,19;100
24/11/2011;556,12;100
23/11/2011;555,67;100
22/11/2011;549,84;100
21/11/2011;553,02;100
18/11/2011;548,22;100
17/11/2011;552,13;100
16/11/2011;551,95;100
15/11/2011;550,01;100
14/11/2011;544,92;100
11/11/2011;545,22;100
10/11/2011;546,56;100
09/11/2011;546,07;100
08/11/2011;539,93;100
07/11/2011;541,68;100
04/11/2011;540,38;100
03/11/2011;540,27;100
02/11/2011;538,85;100
01/11/2011;546,08;100
31/10/2011;531,53;100
28/10/2011;525,61;100
27/10/2011;530,28;100
26/10/2011;534,54;100
25/10/2011;534,93;100
24/10/2011;537,33;100
21/10/2011;539,61;100
20/10/2011;539,22;100
19/10/2011;538,44;100
18/10/2011;544,43;100
17/10/2011;540,45;100
14/10/2011;539,26;100
13/10/2011;542,36;100
12/10/2011;540,78;100
11/10/2011;547,03;100
10/10/2011;547,59;100
07/10/2011;554,11;100
06/10/2011;560,92;100
05/10/2011;558,1;100
04/10/2011;564,65;100
03/10/2011;558,44;100
30/09/2011;551,11;100
29/09/2011;546,62;100
28/09/2011;545,89;100
27/09/2011;548;100
26/09/2011;551,31;100
23/09/2011;554,14;100
22/09/2011;553,67;100
21/09/2011;546,14;100
20/09/2011;543,19;100
19/09/2011;545,95;100
16/09/2011;541,27;100
15/09/2011;539,88;100
14/09/2011;542,5;100
13/09/2011;545,81;100
12/09/2011;545,34;100
09/09/2011;539;100
08/09/2011;530,32;100
07/09/2011;530,61;100
06/09/2011;528,35;100
05/09/2011;527,33;100
02/09/2011;522,6;100
01/09/2011;521,53;100
31/08/2011;515,65;100
30/08/2011;517,37;100
29/08/2011;514,31;100
26/08/2011;517,35;100
25/08/2011;516,47;100
24/08/2011;516,17;100
23/08/2011;515,13;100
22/08/2011;516,78;100
19/08/2011;517,81;100
18/08/2011;518,52;100
17/08/2011;514,6;100
16/08/2011;518,77;100
15/08/2011;520,6;100
12/08/2011;522,74;100
11/08/2011;526,8;100
10/08/2011;518,61;100
09/08/2011;522,16;100
08/08/2011;523,68;100
05/08/2011;526,24;100
04/08/2011;523,48;100
03/08/2011;520,9;100
02/08/2011;525,69;100
01/08/2011;516,83;100
29/07/2011;522,4;100
28/07/2011;522,42;100
27/07/2011;515,89;100
26/07/2011;515,04;100
25/07/2011;518,32;100
22/07/2011;517,93;100
21/07/2011;524,13;100
20/07/2011;524,76;100
19/07/2011;526,58;100
18/07/2011;530,91;100
15/07/2011;527,13;100
14/07/2011;525,07;100
13/07/2011;529,89;100
12/07/2011;533,66;100
11/07/2011;530,62;100
08/07/2011;523,71;100
07/07/2011;523,55;100
06/07/2011;520,95;100
05/07/2011;515,81;100
04/07/2011;514,44;100
01/07/2011;514,83;100
30/06/2011;516,07;100
29/06/2011;517,1;100
28/06/2011;523,03;100
27/06/2011;525,03;100
24/06/2011;524,52;100
23/06/2011;524,78;100
22/06/2011;518,05;100
21/06/2011;518,94;100
20/06/2011;524,02;100
17/06/2011;522,72;100
16/06/2011;529,44;100
15/06/2011;521,91;100
14/06/2011;516,27;100
10/06/2011;514,83;100
09/06/2011;510,33;100
08/06/2011;510,48;100
07/06/2011;508,93;100
06/06/2011;510,8;100
01/06/2011;517,42;100
31/05/2011;518,32;100
30/05/2011;522,42;100
27/05/2011;522,69;100
26/05/2011;526,31;100
25/05/2011;530,02;100
24/05/2011;529,25;100
23/05/2011;531,82;100
19/05/2011;522,8;100
18/05/2011;524,17;100
17/05/2011;526,19;100
16/05/2011;527,21;100
13/05/2011;522,11;100
12/05/2011;526,83;100
11/05/2011;519,32;100
10/05/2011;519,31;100
09/05/2011;517,96;100
06/05/2011;514,24;100
05/05/2011;503,39;100
04/05/2011;501,06;100
03/05/2011;504,52;100
02/05/2011;502,62;100
29/04/2011;501,86;100
28/04/2011;504,08;100
27/04/2011;508,3;100
26/04/2011;510,13;100
20/04/2011;513,79;100
19/04/2011;521,44;100
18/04/2011;522,47;100
15/04/2011;516,13;100
14/04/2011;517,92;100
13/04/2011;514,62;100
12/04/2011;515,44;100
11/04/2011;516,66;100
08/04/2011;517,83;100
07/04/2011;522,1;100
06/04/2011;521,46;100
05/04/2011;526,42;100
04/04/2011;523,64;100
01/04/2011;527,29;100
31/03/2011;524,86;100
30/03/2011;529,26;100
29/03/2011;530,17;100
28/03/2011;531,46;100
25/03/2011;528,37;100
24/03/2011;527,83;100
23/03/2011;527,54;100
22/03/2011;524,75;100
21/03/2011;525,37;100
18/03/2011;527,73;100
17/03/2011;532,6;100
16/03/2011;534,63;100
15/03/2011;537,22;100
14/03/2011;534,73;100
11/03/2011;541,51;100
10/03/2011;539,78;100
09/03/2011;535,47;100
08/03/2011;536,6;100
07/03/2011;531,59;100
04/03/2011;534,28;100
03/03/2011;538,37;100
02/03/2011;539,93;100
01/03/2011;539,31;100
28/02/2011;538,99;100
25/02/2011;541,73;100
24/02/2011;541,25;100
23/02/2011;542,94;100
22/02/2011;545,5;100
21/02/2011;545,46;100
18/02/2011;547,05;100
17/02/2011;549,82;100
16/02/2011;551,91;100
15/02/2011;551,94;100
14/02/2011;554,82;100
11/02/2011;551,36;100
10/02/2011;548,07;100
09/02/2011;546,35;100
08/02/2011;546,73;100
07/02/2011;550,03;100
04/02/2011;546,87;100
03/02/2011;542,43;100
02/02/2011;540,09;100
01/02/2011;541,97;100
31/01/2011;544,43;100
28/01/2011;543,69;100
27/01/2011;543,44;100
26/01/2011;544,72;100
25/01/2011;548,24;100
24/01/2011;549,19;100
21/01/2011;551,24;100
20/01/2011;553,13;100
19/01/2011;551,7;100
18/01/2011;557,24;100
17/01/2011;559,69;100
14/01/2011;558,08;100
13/01/2011;564,44;100
12/01/2011;574,24;100
11/01/2011;575,38;100
10/01/2011;577,34;100
07/01/2011;574,82;100
06/01/2011;569,22;100
05/01/2011;564,04;100
04/01/2011;555,35;100
03/01/2011;558,37;100
30/12/2010;561,33;100
29/12/2010;567,36;100
28/12/2010;564,94;100
27/12/2010;567,39;100
23/12/2010;570,5;100
22/12/2010;568,34;100
21/12/2010;566,38;100
20/12/2010;566,66;100
17/12/2010;561,83;100
16/12/2010;562,8;100
15/12/2010;557,75;100
14/12/2010;554,79;100
13/12/2010;561,88;100
10/12/2010;562,88;100
09/12/2010;564,21;100
08/12/2010;564,73;100
07/12/2010;557,71;100
06/12/2010;561,18;100
03/12/2010;562,65;100
02/12/2010;566,48;100
01/12/2010;568,27;100
30/11/2010;573,39;100
29/11/2010;567,04;100
26/11/2010;563,63;100
25/11/2010;559,7;100
24/11/2010;558,87;100
23/11/2010;552,41;100
22/11/2010;546,35;100
19/11/2010;545,22;100
18/11/2010;546,27;100
17/11/2010;553;100
16/11/2010;547,66;100
15/11/2010;547,05;100
12/11/2010;543,67;100
11/11/2010;544,07;100
10/11/2010;541,28;100
09/11/2010;534,56;100
08/11/2010;535,57;100
05/11/2010;529,22;100
04/11/2010;523,36;100
03/11/2010;531,99;100
02/11/2010;531,92;100
01/11/2010;535,47;100
29/10/2010;538,08;100
28/10/2010;538,24;100
27/10/2010;540,35;100
26/10/2010;536,06;100
25/10/2010;531,53;100
22/10/2010;535,22;100
21/10/2010;532,13;100
20/10/2010;538,06;100
19/10/2010;538,09;100
18/10/2010;536,67;100
15/10/2010;529,24;100
14/10/2010;528,83;100
13/10/2010;534,21;100
12/10/2010;539,07;100
11/10/2010;535,14;100
08/10/2010;537,42;100
07/10/2010;533,72;100
06/10/2010;538,01;100
05/10/2010;540,99;100
04/10/2010;543,9;100
01/10/2010;542,93;100
30/09/2010;546,01;100
29/09/2010;547,48;100
28/09/2010;553,6;100
27/09/2010;552,82;100
24/09/2010;555,51;100
23/09/2010;559,15;100
22/09/2010;557,46;100
21/09/2010;567,75;100
20/09/2010;569,63;100
17/09/2010;570,2;100
16/09/2010;569,38;100
15/09/2010;573,34;100
14/09/2010;579,46;100
13/09/2010;581,72;100
10/09/2010;585,08;100
09/09/2010;585,62;100
08/09/2010;586,41;100
07/09/2010;584,19;100
06/09/2010;578,37;100
03/09/2010;580,09;100
02/09/2010;580,8;100
01/09/2010;581,61;100
31/08/2010;587,13;100
30/08/2010;586,36;100
27/08/2010;585,86;100
26/08/2010;586,69;100
25/08/2010;590,46;100
24/08/2010;590,65;100
23/08/2010;586,38;100
20/08/2010;586,15;100
19/08/2010;580,45;100
18/08/2010;578,39;100
17/08/2010;579,25;100
16/08/2010;581,11;100
13/08/2010;582,11;100
12/08/2010;582,54;100
11/08/2010;572,4;100
10/08/2010;567,28;100
09/08/2010;562,2;100
06/08/2010;565,54;100
05/08/2010;565,18;100
04/08/2010;564,24;100
03/08/2010;563,51;100
02/08/2010;569,93;100
30/07/2010;571,92;100
29/07/2010;570,06;100
28/07/2010;573,58;100
27/07/2010;571,86;100
26/07/2010;576,34;100
23/07/2010;577,81;100
22/07/2010;579,91;100
21/07/2010;581,41;100
20/07/2010;580,19;100
19/07/2010;575,2;100
16/07/2010;573,17;100
15/07/2010;580,78;100
14/07/2010;586,49;100
13/07/2010;593,17;100
12/07/2010;593;100
09/07/2010;589,96;100
08/07/2010;588,81;100
07/07/2010;593,08;100
06/07/2010;592,53;100
05/07/2010;594,63;100
02/07/2010;593,7;100
01/07/2010;604,21;100
30/06/2010;607,02;100
29/06/2010;610,64;100
28/06/2010;603,31;100
25/06/2010;605,45;100
24/06/2010;606,97;100
23/06/2010;606,62;100
22/06/2010;607,11;100
21/06/2010;600,45;100
18/06/2010;601,34;100
17/06/2010;601,69;100
16/06/2010;605,86;100
15/06/2010;606,76;100
14/06/2010;607,19;100
11/06/2010;613,43;100
10/06/2010;617,6;100
09/06/2010;619,38;100
08/06/2010;622,86;100
07/06/2010;621,93;100
04/06/2010;616,9;100
03/06/2010;606,56;100
02/06/2010;608,96;100
01/06/2010;612,04;100
31/05/2010;604,49;100
28/05/2010;600,86;100
27/05/2010;607,07;100
26/05/2010;604,46;100
25/05/2010;608,72;100
21/05/2010;595,55;100
20/05/2010;603,39;100
19/05/2010;606,41;100
18/05/2010;598,68;100
17/05/2010;602,52;100
12/05/2010;586,62;100
11/05/2010;586,12;100
10/05/2010;573,82;100
07/05/2010;583,99;100
06/05/2010;584,82;100
05/05/2010;575,88;100
04/05/2010;568,63;100
03/05/2010;562,21;100
29/04/2010;561,41;100
28/04/2010;561,9;100
27/04/2010;559,98;100
26/04/2010;558,67;100
23/04/2010;559,1;100
22/04/2010;557,91;100
21/04/2010;556,5;100
20/04/2010;551,85;100
19/04/2010;554,1;100
16/04/2010;549,86;100
15/04/2010;549,53;100
14/04/2010;546,68;100
13/04/2010;548;100
12/04/2010;547,88;100
09/04/2010;556,11;100
08/04/2010;559,85;100
07/04/2010;557,98;100
06/04/2010;555,7;100
31/03/2010;552,32;100
30/03/2010;552,14;100
29/03/2010;552,44;100
26/03/2010;557,31;100
25/03/2010;557,18;100
24/03/2010;557,83;100
23/03/2010;550,37;100
22/03/2010;552,33;100
19/03/2010;549,22;100
18/03/2010;544,71;100
17/03/2010;540,9;100
16/03/2010;542,21;100
15/03/2010;542,97;100
12/03/2010;540,59;100
11/03/2010;544,84;100
10/03/2010;546,74;100
09/03/2010;548,92;100
08/03/2010;544,72;100
05/03/2010;547,94;100
04/03/2010;544,51;100
03/03/2010;545,56;100
02/03/2010;549,33;100
01/03/2010;550,29;100
26/02/2010;548,47;100
25/02/2010;551,76;100
24/02/2010;549,4;100
23/02/2010;548,24;100
22/02/2010;546,28;100
19/02/2010;550,55;100
18/02/2010;548,63;100
17/02/2010;542,29;100
16/02/2010;545,31;100
15/02/2010;547,05;100
12/02/2010;548,52;100
11/02/2010;542,73;100
10/02/2010;541,84;100
09/02/2010;541,05;100
08/02/2010;544,37;100
05/02/2010;543,78;100
04/02/2010;537,63;100
03/02/2010;532,39;100
02/02/2010;534,22;100
01/02/2010;535,14;100
29/01/2010;533,03;100
28/01/2010;531,8;100
27/01/2010;529,06;100
26/01/2010;528,58;100
25/01/2010;526,11;100
22/01/2010;526,75;100
21/01/2010;529,2;100
20/01/2010;526,62;100
19/01/2010;521,19;100
18/01/2010;517,91;100
15/01/2010;517,74;100
14/01/2010;513,62;100
13/01/2010;510,92;100
12/01/2010;513,81;100
11/01/2010;512,19;100
08/01/2010;521,33;100
07/01/2010;520,21;100
06/01/2010;518,52;100
05/01/2010;515,27;100
04/01/2010;517,17;100
