Date;DK0010181759;NL0011585146
29/04/2026;836;337,54
28/04/2026;815,4;342,71
27/04/2026;805,6;347,81
24/04/2026;803,8;351,95
23/04/2026;809;354,19
22/04/2026;819,2;358,58
21/04/2026;823;358,5
20/04/2026;836,2;372,84
17/04/2026;846,4;372,85
16/04/2026;825,2;356,52
15/04/2026;823,6;357,06
14/04/2026;832,6;358,13
13/04/2026;844;355,14
10/04/2026;862,6;351,89
09/04/2026;848;352,22
08/04/2026;859;351,3
07/04/2026;825;334,57
01/04/2026;820;342,43
31/03/2026;803,2;338,45
30/03/2026;798;327,2
27/03/2026;796,6;317,4
26/03/2026;802,6;323,58
25/03/2026;790,6;322,17
24/03/2026;785;322,02
23/03/2026;793,2;329,16
20/03/2026;793,2;314,63
19/03/2026;806,4;321,01
18/03/2026;846,6;330,47
17/03/2026;866,8;336,48
16/03/2026;887;334,36
13/03/2026;881,4;331,86
12/03/2026;878,8;334,55
11/03/2026;896,2;340,61
10/03/2026;900,8;346,56
09/03/2026;893,8;346,58
06/03/2026;911,6;350,08
05/03/2026;914,8;358,03
04/03/2026;934,8;365,09
03/03/2026;951;361,13
02/03/2026;969,2;362,75
27/02/2026;983,2;379,92
26/02/2026;983,8;376,19
25/02/2026;971,6;373,34
24/02/2026;991,2;373,92
23/02/2026;1000;358,42
20/02/2026;996,4;366,95
19/02/2026;995,4;366,5
18/02/2026;991,8;366,43
17/02/2026;985,2;374,99
16/02/2026;1000,5;379,08
13/02/2026;997;379,08
12/02/2026;1015;391,21
11/02/2026;992,8;382,96
10/02/2026;979,6;363,22
09/02/2026;976,6;336,13
06/02/2026;962;333,79
05/02/2026;939;334,76
04/02/2026;922,6;339,33
03/02/2026;883;330,32
02/02/2026;878,6;336,33
30/01/2026;853;333,17
29/01/2026;851,8;338,45
28/01/2026;843;333,46
27/01/2026;843,4;337,4
26/01/2026;850,8;340,45
23/01/2026;845,6;338,53
22/01/2026;859;337,55
21/01/2026;848;341,68
20/01/2026;844,4;336,78
19/01/2026;845,8;345,23
16/01/2026;857;345,23
15/01/2026;861,4;354,57
14/01/2026;859,4;353,39
13/01/2026;836,8;360,09
12/01/2026;838,6;377,2
09/01/2026;845,2;376,19
08/01/2026;846;370,85
07/01/2026;817;366,81
06/01/2026;827,6;371,96
05/01/2026;811;379,27
02/01/2026;825,8;371,89
30/12/2025;835,2;372,48
29/12/2025;832,6;375,75
23/12/2025;823,2;375,91
22/12/2025;823,8;375,25
19/12/2025;836;378,29
18/12/2025;835,4;372,65
17/12/2025;833,8;365,51
16/12/2025;838;370,42
15/12/2025;830,6;368,6
12/12/2025;834,4;367,13
11/12/2025;820,4;367,96
10/12/2025;804,2;364,04
09/12/2025;805,8;375,35
08/12/2025;797,8;382,98
05/12/2025;815,6;393,21
04/12/2025;815;393,23
03/12/2025;803,8;393,84
02/12/2025;801,8;386,56
01/12/2025;810,6;386,93
28/11/2025;799,6;391,9
27/11/2025;804,2;382,8
26/11/2025;796;382,8
25/11/2025;793,6;385,14
24/11/2025;784,6;381,58
21/11/2025;786,6;389,19
20/11/2025;766,4;383,15
19/11/2025;764,8;389,83
18/11/2025;757,4;397,83
17/11/2025;769,8;405,38
14/11/2025;781,8;417,16
13/11/2025;798;417,81
12/11/2025;793;419,52
11/11/2025;794;422,46
10/11/2025;779,2;411,4
07/11/2025;784;413,26
06/11/2025;785;405,62
05/11/2025;779;406,67
04/11/2025;772,8;399,39
03/11/2025;768;392,03
31/10/2025;761,6;403,95
30/10/2025;768;396
29/10/2025;780,6;391,44
28/10/2025;782,4;402,27
27/10/2025;781,4;407,46
24/10/2025;788,6;408,31
23/10/2025;792,6;402,85
22/10/2025;801,4;394,06
21/10/2025;796,4;400,46
20/10/2025;791,6;398,31
17/10/2025;793,8;399,08
16/10/2025;779,2;392,46
15/10/2025;761;389,56
14/10/2025;752,8;382,19
13/10/2025;758;378,72
10/10/2025;757,4;395,72
09/10/2025;749;407,38
08/10/2025;749,8;479,21
07/10/2025;745,4;490,86
06/10/2025;740,8;491,53
03/10/2025;744,4;501,15
02/10/2025;756,4;504,09
01/10/2025;751,8;490,24
30/09/2025;738,8;485,22
29/09/2025;748,6;482,04
26/09/2025;748,4;475,36
25/09/2025;750,2;473,17
24/09/2025;747,2;480,6
23/09/2025;749,2;486,5
22/09/2025;745,2;477,74
19/09/2025;755;479,59
18/09/2025;754;483,77
17/09/2025;762;470,03
16/09/2025;760,6;480,33
15/09/2025;772,4;478,94
12/09/2025;770;478
11/09/2025;773,8;479,36
10/09/2025;772,6;473,62
09/09/2025;780;479,62
08/09/2025;768,8;478,97
05/09/2025;784,2;488,77
04/09/2025;784,6;495,19
03/09/2025;780;494,82
02/09/2025;785;492,08
01/09/2025;781;477,21
29/08/2025;780,4;477,21
28/08/2025;783,6;478,98
27/08/2025;766,4;469,36
26/08/2025;768,4;467,94
25/08/2025;776,6;467,54
22/08/2025;778,6;471,02
21/08/2025;777,6;467,02
20/08/2025;777,8;468,42
19/08/2025;771;471,5
18/08/2025;752;463,17
15/08/2025;753;460,55
14/08/2025;754,2;464,43
13/08/2025;811,6;451,21
12/08/2025;817;446,16
11/08/2025;814,8;441,35
08/08/2025;819,2;443,84
07/08/2025;823,4;448,68
06/08/2025;814,6;442,92
05/08/2025;823,6;441,79
04/08/2025;817,6;438,32
01/08/2025;824,6;436,24
31/07/2025;818,4;443,39
30/07/2025;836,4;498,79
29/07/2025;838;505,42
28/07/2025;853,2;507,31
25/07/2025;880;517,65
24/07/2025;898;516,2
23/07/2025;900,8;517,56
22/07/2025;898;500,81
21/07/2025;885,8;507,34
18/07/2025;889,4;505,4
17/07/2025;885,6;506,19
16/07/2025;887,4;505,3
15/07/2025;891,6;487,11
14/07/2025;907;488,29
11/07/2025;906,8;490,66
10/07/2025;908,8;497,94
09/07/2025;905,6;491,01
08/07/2025;900,4;489,03
07/07/2025;904;486,32
04/07/2025;911,4;490,2
03/07/2025;910,2;490,2
02/07/2025;907,4;491,56
01/07/2025;907,6;489,37
30/06/2025;897,4;490,74
27/06/2025;889,8;491,1
26/06/2025;891,8;477,54
25/06/2025;888,4;475,12
24/06/2025;909,8;472,42
23/06/2025;909,6;461,08
20/06/2025;904,6;459,05
19/06/2025;896,8;460,51
18/06/2025;896,6;460,51
17/06/2025;884;460,65
16/06/2025;904,4;464,81
13/06/2025;932,4;463,44
12/06/2025;935;472,66
11/06/2025;933,8;482,39
10/06/2025;938;486,39
06/06/2025;937,6;482,61
04/06/2025;954,8;480,96
03/06/2025;941;475,74
02/06/2025;951;480,08
28/05/2025;939,2;475,4
27/05/2025;947,4;483,47
26/05/2025;945,2;476,22
23/05/2025;942,2;476,22
22/05/2025;944,6;491,3
21/05/2025;938,8;496,12
20/05/2025;943,8;499,02
19/05/2025;937,4;497,63
16/05/2025;934,4;498,74
15/05/2025;932,6;494,79
14/05/2025;911,6;495,65
13/05/2025;911,8;490,88
12/05/2025;916,2;486,76
09/05/2025;910,8;488,28
08/05/2025;901,4;480,71
07/05/2025;909,6;476,74
06/05/2025;920,4;474,14
05/05/2025;918;466,46
02/05/2025;921,8;462,84
30/04/2025;895,8;461,78
29/04/2025;880,6;462,74
28/04/2025;900,6;458,2
25/04/2025;889,2;460,8
24/04/2025;893,4;456,82
23/04/2025;892,4;441,68
22/04/2025;892,4;447,16
16/04/2025;896,2;432,75
15/04/2025;865;433,98
14/04/2025;848,8;429,53
11/04/2025;837,6;428,58
10/04/2025;824,4;423,81
09/04/2025;807,6;432
08/04/2025;840;397,86
07/04/2025;821,8;398,7
04/04/2025;861,4;414,85
03/04/2025;878,8;431,23
02/04/2025;876,4;438,54
01/04/2025;876,6;430,61
31/03/2025;876,8;427,88
28/03/2025;888,6;429,71
27/03/2025;874,6;426,82
26/03/2025;872;413,73
25/03/2025;870,6;433,98
24/03/2025;878,8;435,83
21/03/2025;887;436,32
20/03/2025;882,6;444,03
19/03/2025;888,6;453,28
18/03/2025;888,6;446,43
17/03/2025;913,8;454,2
14/03/2025;915;449,23
13/03/2025;889,4;440,66
12/03/2025;894;450,35
11/03/2025;888,8;441,25
10/03/2025;913,4;437,08
07/03/2025;907,6;449,56
06/03/2025;898,8;446,7
05/03/2025;897;459,2
04/03/2025;912,4;459,59
03/03/2025;894,6;464,2
28/02/2025;901,4;464,57
27/02/2025;906,4;460,5
26/02/2025;891,2;480
25/02/2025;891;504,5
24/02/2025;886,4;499,22
21/02/2025;880;503,43
20/02/2025;855,8;508,15
19/02/2025;845,8;500,84
18/02/2025;854,4;504,69
17/02/2025;845,2;503,84
14/02/2025;858,6;503,84
13/02/2025;850;490,45
12/02/2025;827,4;482,55
11/02/2025;801,4;474,96
10/02/2025;795,6;460,8
07/02/2025;795,2;446,44
06/02/2025;792;461,56
05/02/2025;733,2;464,19
04/02/2025;747,6;459,3
03/02/2025;751;428,94
31/01/2025;754,6;428,52
30/01/2025;750,2;431,95
29/01/2025;737,4;428,99
28/01/2025;744,4;431,09
27/01/2025;735,4;432,32
24/01/2025;730,8;432,37
23/01/2025;730,2;429,98
22/01/2025;723,6;432,5
21/01/2025;721,4;440,23
20/01/2025;713,8;435,87
17/01/2025;700,6;435,87
16/01/2025;690,2;432,94
15/01/2025;684,8;431,68
14/01/2025;683,2;421,97
13/01/2025;671,2;418,37
10/01/2025;677,2;429,29
09/01/2025;691,6;433,87
08/01/2025;683,6;433,87
07/01/2025;685;427,97
06/01/2025;687;426,77
03/01/2025;692;417,42
02/01/2025;697,6;416,42
30/12/2024;690;426,77
27/12/2024;699,4;432,15
23/12/2024;683;430,15
20/12/2024;681,8;426,93
19/12/2024;691,4;425,3
18/12/2024;694,6;422,83
17/12/2024;702,2;432,36
16/12/2024;716,6;436,96
13/12/2024;722,6;454,18
12/12/2024;727,8;451,86
11/12/2024;731,4;449,53
10/12/2024;738,6;448,56
09/12/2024;727,2;448,48
06/12/2024;720,8;458,44
05/12/2024;719,4;445,52
04/12/2024;715;445,73
03/12/2024;737,4;444,51
02/12/2024;755,4;437,4
29/11/2024;726,8;434,16
28/11/2024;729;431,57
27/11/2024;736;431,57
26/11/2024;734,8;431,7
25/11/2024;751,8;435,24
22/11/2024;737,8;437,62
21/11/2024;722,8;429,51
20/11/2024;722;427,16
19/11/2024;714,8;428,48
18/11/2024;725;434,98
15/11/2024;720;430,99
14/11/2024;720;440,39
13/11/2024;713,6;439,89
12/11/2024;730,2;437,12
11/11/2024;747,6;452,46
08/11/2024;737;454,46
07/11/2024;742;452,66
06/11/2024;722,6;443
05/11/2024;745,6;441
04/11/2024;746,4;476,05
01/11/2024;761,8;476,76
31/10/2024;755;475,88
30/10/2024;751;478,84
29/10/2024;785,4;487,94
28/10/2024;790,8;490,48
25/10/2024;785;484,73
24/10/2024;787,4;486,48
23/10/2024;783;482,44
22/10/2024;791,2;478,51
21/10/2024;790,2;480,18
18/10/2024;805,6;482,35
17/10/2024;803,2;482,32
16/10/2024;778,8;471,99
15/10/2024;784;470,77
14/10/2024;786;479,23
11/10/2024;791,2;469,08
10/10/2024;785,8;453,27
09/10/2024;792,6;456,5
08/10/2024;780,2;461,06
07/10/2024;810,4;449,53
04/10/2024;805,6;449,81
03/10/2024;809,6;450,09
02/10/2024;807,8;457,16
01/10/2024;792,2;455,86
30/09/2024;797,6;470,11
27/09/2024;818,8;471,68
26/09/2024;791,2;478,03
25/09/2024;765,6;474,11
24/09/2024;772,4;477,93
23/09/2024;765;476,96
20/09/2024;773;470,56
19/09/2024;788,6;474,06
18/09/2024;782,2;457,53
17/09/2024;793,6;462,82
16/09/2024;794,2;463,66
13/09/2024;802,2;469,09
12/09/2024;797;471,9
11/09/2024;777,4;475,05
10/09/2024;762,8;467,08
09/09/2024;769,6;471,98
06/09/2024;780,6;470,7
05/09/2024;792;477,15
04/09/2024;788,6;486,92
03/09/2024;791,6;486,68
02/09/2024;793,2;496,79
30/08/2024;792;496,79
29/08/2024;788,2;490,59
28/08/2024;778;486,74
27/08/2024;783,8;489,26
26/08/2024;765,4;479,85
23/08/2024;765;483,94
22/08/2024;757,2;477,04
21/08/2024;760;478,79
20/08/2024;751;466,73
19/08/2024;765;463,06
16/08/2024;775,8;459,7
15/08/2024;780,2;454,13
14/08/2024;772;452,9
13/08/2024;804,4;431,81
12/08/2024;801,6;422,33
09/08/2024;801,6;420,11
08/08/2024;813,6;420,55
07/08/2024;815,4;417,95
06/08/2024;820,4;416,82
05/08/2024;814,8;422,78
02/08/2024;835,4;433,59
01/08/2024;829,4;421,62
31/07/2024;833,4;413,01
30/07/2024;842;410,27
29/07/2024;824,4;411,7
26/07/2024;861,6;413,8
25/07/2024;848,6;405,92
24/07/2024;850;413,67
23/07/2024;851,8;423,17
22/07/2024;856,8;427,19
19/07/2024;852,2;416,31
18/07/2024;860;422,43
17/07/2024;867;420,71
16/07/2024;858,4;429,22
15/07/2024;853;428,56
12/07/2024;865,8;435,16
11/07/2024;878;428,47
10/07/2024;873;435,05
09/07/2024;868;426,29
08/07/2024;865,4;427,38
05/07/2024;837,4;422,39
04/07/2024;843;422,72
03/07/2024;848;422,72
02/07/2024;847,8;414,38
01/07/2024;844;410,24
28/06/2024;835,6;408,37
27/06/2024;845,8;409,46
26/06/2024;859;412,52
25/06/2024;868;423,82
24/06/2024;859,2;421,68
21/06/2024;858,6;414,65
20/06/2024;946,8;420,09
19/06/2024;944,2;414,36
18/06/2024;946,8;414,36
17/06/2024;935;416,06
14/06/2024;938,2;409,98
13/06/2024;947,4;416,68
12/06/2024;956,2;427,36
11/06/2024;959;410,94
10/06/2024;957,6;413,48
07/06/2024;969,4;412,93
06/06/2024;970,6;416,92
04/06/2024;940,8;410,74
03/06/2024;933,4;409,05
31/05/2024;929;411
30/05/2024;933,2;408,98
29/05/2024;947,6;406,19
28/05/2024;955,8;412,14
27/05/2024;961,8;416,16
24/05/2024;953,8;416,16
23/05/2024;950;413,53
22/05/2024;956;415,05
21/05/2024;976;418,37
17/05/2024;989,8;422,3
16/05/2024;992,2;419,57
15/05/2024;982;417,21
14/05/2024;971,6;411,02
13/05/2024;968,2;405,73
08/05/2024;956,2;406,22
07/05/2024;936;401
06/05/2024;922,6;427,66
03/05/2024;928;430,29
02/05/2024;925;424,56
30/04/2024;943,2;415,7
29/04/2024;952,8;422,44
26/04/2024;954,2;422,46
25/04/2024;948,2;412,21
24/04/2024;943,2;420,33
23/04/2024;935,2;424,74
22/04/2024;944,6;410,27
19/04/2024;927,6;408,65
18/04/2024;899,2;412,62
17/04/2024;894,8;416
16/04/2024;901;411,34
15/04/2024;915,6;410,93
12/04/2024;911,4;410,4
11/04/2024;919,4;420,38
10/04/2024;915,6;419,82
09/04/2024;927,6;420,5
08/04/2024;934,2;423,55
05/04/2024;934,6;418,86
04/04/2024;950,2;414,03
03/04/2024;939,4;419,51
02/04/2024;953;419,59
27/03/2024;943,6;439,16
26/03/2024;947,2;437,97
25/03/2024;950,2;439,59
22/03/2024;927,6;433,29
21/03/2024;907,6;431,11
20/03/2024;914;434,14
19/03/2024;917,6;433,36
18/03/2024;919,4;426,53
15/03/2024;920,8;424,54
14/03/2024;921,2;420,38
13/03/2024;926,2;422,45
12/03/2024;922;424
11/03/2024;940,4;413
08/03/2024;942,4;420,74
07/03/2024;946;421,75
06/03/2024;936,8;416,63
05/03/2024;939,8;411,46
04/03/2024;938,6;413,57
01/03/2024;936,8;425,35
29/02/2024;961;424,77
28/02/2024;961,2;428,56
27/02/2024;957;421,31
26/02/2024;954,6;419,33
23/02/2024;960,6;416,07
22/02/2024;958,8;411,85
21/02/2024;961,8;402,27
20/02/2024;948,8;390,45
19/02/2024;947,8;389,23
16/02/2024;944,8;389,23
15/02/2024;934;389,1
14/02/2024;930;382,45
13/02/2024;935,8;376,84
12/02/2024;943,8;387,25
09/02/2024;938,2;392,56
08/02/2024;940,6;385,15
07/02/2024;941,4;381,04
06/02/2024;905;378,53
05/02/2024;900,2;371,66
02/02/2024;891,6;379,25
01/02/2024;882;389,45
31/01/2024;889,2;345,92
30/01/2024;893,6;349,41
29/01/2024;892,8;344,93
26/01/2024;888,8;340,17
25/01/2024;875,8;335,34
24/01/2024;877,2;335,24
23/01/2024;877,6;333,3
22/01/2024;877,4;337,16
19/01/2024;881,6;349,41
18/01/2024;883,8;347,1
17/01/2024;884,8;343,29
16/01/2024;910;346,74
15/01/2024;916,6;351,3
12/01/2024;907,8;351,3
11/01/2024;890,8;350,53
10/01/2024;864,6;351,42
09/01/2024;858,4;343,09
08/01/2024;852,8;344,14
05/01/2024;855;334,93
04/01/2024;855,4;334,42
03/01/2024;845,4;333,35
02/01/2024;844,8;337,72
29/12/2023;846,8;338,43
28/12/2023;851,2;336,95
27/12/2023;841,8;338,34
22/12/2023;845,2;334,62
21/12/2023;842,2;336,05
20/12/2023;835,8;339,07
19/12/2023;837,6;348,66
18/12/2023;829,4;346,91
15/12/2023;833;354,5
14/12/2023;836,2;363,85
13/12/2023;819,6;369,9
12/12/2023;821,2;371,35
11/12/2023;826,2;371,96
08/12/2023;833,2;366,75
07/12/2023;829,4;363,75
06/12/2023;827;361,68
05/12/2023;845;362,24
04/12/2023;841,6;353,64
01/12/2023;845;356,99
30/11/2023;848;358,96
29/11/2023;827,4;366,42
28/11/2023;833,8;368,27
27/11/2023;838,4;369,66
24/11/2023;846;367,44
23/11/2023;847,2;364,25
22/11/2023;855,2;364,25
21/11/2023;844,8;361,09
20/11/2023;841;364,32
17/11/2023;848,6;359,34
16/11/2023;840,2;354,01
15/11/2023;854,2;351,68
14/11/2023;849;353,75
13/11/2023;829,4;341,28
10/11/2023;822;339,56
09/11/2023;831,2;335,89
08/11/2023;826,8;337,22
07/11/2023;836;333,37
06/11/2023;828;333,5
03/11/2023;834,4;331,41
02/11/2023;842,4;323,42
01/11/2023;838,6;304,98
31/10/2023;840;301,64
30/10/2023;847;299,39
27/10/2023;859,8;298,24
26/10/2023;862,6;297,11
25/10/2023;869,2;299,31
24/10/2023;873,4;300,9
23/10/2023;866,8;303,36
20/10/2023;875,6;301,7
19/10/2023;877,4;301,39
18/10/2023;870;303,49
17/10/2023;868,8;309,57
16/10/2023;886;315,04
13/10/2023;895,6;312,02
12/10/2023;903,4;309,07
11/10/2023;908,6;309,82
10/10/2023;904,8;305,21
09/10/2023;892,4;300,51
06/10/2023;897,8;305,4
05/10/2023;923;299,95
04/10/2023;914,2;299,59
03/10/2023;904,6;294,55
02/10/2023;875;296,59
29/09/2023;891,4;295,54
28/09/2023;894,4;294,44
27/09/2023;905,2;287,61
26/09/2023;914,8;285,74
25/09/2023;920,2;288,11
22/09/2023;928;288,25
21/09/2023;937,6;291,57
20/09/2023;946;302,91
19/09/2023;943,2;299,11
18/09/2023;945,4;299,68
15/09/2023;953;300,96
14/09/2023;955,2;302,67
13/09/2023;957;299,05
12/09/2023;964;298,12
11/09/2023;964,2;302,68
08/09/2023;971,6;297,19
07/09/2023;973,8;298,79
06/09/2023;985,6;302,51
05/09/2023;980,4;305,17
04/09/2023;981;308,32
01/09/2023;989,8;308,32
31/08/2023;996;317,74
30/08/2023;1015,5;320,29
29/08/2023;1016;320,59
28/08/2023;1024;313,31
25/08/2023;1016;311,26
24/08/2023;1007;307,53
23/08/2023;1006,5;312,79
22/08/2023;997,4;310,56
21/08/2023;1001;311,97
18/08/2023;1009,5;305,75
17/08/2023;997,4;306,02
16/08/2023;1001;313,34
15/08/2023;1021;315,74
14/08/2023;1002;315,57
11/08/2023;995;311,19
10/08/2023;1013;314,76
09/08/2023;1008;311,61
08/08/2023;1018,5;310,98
07/08/2023;1015,5;312,24
04/08/2023;1003,5;311,45
03/08/2023;1010,5;314,16
02/08/2023;1015;313,56
01/08/2023;1016,5;317,62
31/07/2023;1016,5;320,39
28/07/2023;1043,5;321,82
27/07/2023;1044;317,27
26/07/2023;1046;317,35
25/07/2023;1041;316,11
24/07/2023;1034,5;317,16
21/07/2023;1036;318,01
20/07/2023;1017;318,66
19/07/2023;1015;321,09
18/07/2023;1020;326,32
17/07/2023;1018,5;328,71
14/07/2023;1037;328,78
13/07/2023;1035;323,36
12/07/2023;1023;322,68
11/07/2023;1026;318,39
10/07/2023;1034;318,29
07/07/2023;1041;314,49
06/07/2023;1039,5;313,53
05/07/2023;1067,5;320,01
04/07/2023;1070;325,87
03/07/2023;1081;325,87
30/06/2023;1090,5;325,21
29/06/2023;1088;320,67
28/06/2023;1090;317,96
27/06/2023;1060;314,09
26/06/2023;1062,5;306,49
23/06/2023;1067,5;307,52
22/06/2023;1052;307,29
21/06/2023;1064,5;308,3
20/06/2023;1086,5;306,16
19/06/2023;1070,5;308,02
16/06/2023;1077,5;308,02
15/06/2023;1077;306,11
14/06/2023;1066;302,79
13/06/2023;1063;300,11
12/06/2023;1055,5;300,58
09/06/2023;1051,5;297,8
08/06/2023;1057;298,24
07/06/2023;1059;294,53
06/06/2023;1057;297,12
02/06/2023;1046,5;298,6
01/06/2023;1054;293,09
31/05/2023;1049,5;286,67
30/05/2023;1072,5;287,36
26/05/2023;1085;290,76
25/05/2023;1082,5;286,6
24/05/2023;1088,5;286,96
23/05/2023;1118,5;289,9
22/05/2023;1139,5;301,53
17/05/2023;1123,5;293,33
16/05/2023;1138;292,6
15/05/2023;1141,5;293
12/05/2023;1124;296,27
11/05/2023;1118;293,61
10/05/2023;1103,5;292,18
09/05/2023;1103;294,19
08/05/2023;1129;296,97
04/05/2023;1123,5;291,79
03/05/2023;1126;277,64
02/05/2023;1126;275,78
28/04/2023;1117,5;278,64
27/04/2023;1112,5;278,24
26/04/2023;1107,5;275,41
25/04/2023;1125;277,21
24/04/2023;1116,5;280,19
21/04/2023;1103,5;278,03
20/04/2023;1097;276
19/04/2023;1102;278,63
18/04/2023;1085;280,6
17/04/2023;1088;281,04
14/04/2023;1080;285,53
13/04/2023;1082;282,94
12/04/2023;1078,5;276,63
11/04/2023;1082,5;274,22
05/04/2023;1092;270,55
04/04/2023;1068;270,83
03/04/2023;1065;270,94
31/03/2023;1063;270,94
30/03/2023;1046,5;268,9
29/03/2023;1042,5;268,87
28/03/2023;1025;266,31
27/03/2023;1041,5;266,17
24/03/2023;1028;265,37
23/03/2023;1017;266,12
22/03/2023;1017,5;265,17
21/03/2023;1010;266,64
20/03/2023;1018,5;262,48
17/03/2023;1011;259,2
16/03/2023;1024;264,36
15/03/2023;981,4;256,29
14/03/2023;986,6;262,9
13/03/2023;1004;260,06
10/03/2023;1013;261,23
09/03/2023;1020,5;264,68
08/03/2023;1006,5;269,66
07/03/2023;1000,5;268,67
06/03/2023;1011;270,36
03/03/2023;1015,5;271,45
02/03/2023;1019;264,58
01/03/2023;1001,5;262,72
28/02/2023;995,8;260,37
27/02/2023;990,6;261,36
24/02/2023;985,6;259,11
23/02/2023;993,2;262,15
22/02/2023;988,4;260,6
21/02/2023;983,2;262,8
20/02/2023;986;266,88
17/02/2023;979;266,88
16/02/2023;988;265,88
15/02/2023;985,8;267,23
14/02/2023;988,8;265,61
13/02/2023;985,8;263,44
10/02/2023;970;259,68
09/02/2023;967;266,31
08/02/2023;941,8;266,56
07/02/2023;954,2;266,91
06/02/2023;977,6;261,31
03/02/2023;997,6;260,04
02/02/2023;988,4;265,48
01/02/2023;983,2;253,32
31/01/2023;967,6;251,31
30/01/2023;964;251,25
27/01/2023;963,2;253,72
26/01/2023;970;247,77
25/01/2023;976,2;245,58
24/01/2023;983;244,04
23/01/2023;983,2;243,64
20/01/2023;982;242,38
19/01/2023;980;237,99
18/01/2023;967;239,71
17/01/2023;982;237,86
16/01/2023;971;235,92
13/01/2023;949,8;235,92
12/01/2023;943,6;235,84
11/01/2023;930;233,71
10/01/2023;927,6;231,95
09/01/2023;947,2;228,77
06/01/2023;955,6;224,08
05/01/2023;956,8;216,08
04/01/2023;948,6;219,67
03/01/2023;936,2;215,37
02/01/2023;925;214,22
30/12/2022;923,2;214,22
29/12/2022;923,2;216,59
28/12/2022;918,8;210,25
27/12/2022;926,2;212
23/12/2022;922,2;211,01
22/12/2022;924,8;212,56
21/12/2022;917,8;213,9
20/12/2022;908;214,09
19/12/2022;911,4;216,13
16/12/2022;907;218,11
15/12/2022;916,4;222,4
14/12/2022;930;225,18
13/12/2022;924,4;225,49
12/12/2022;908,4;222,53
09/12/2022;913,4;220,72
08/12/2022;901,2;220,33
07/12/2022;900,2;220,08
06/12/2022;899,8;221,1
05/12/2022;899,6;223,68
02/12/2022;911,2;226,58
01/12/2022;895;228,08
30/11/2022;893,4;223,05
29/11/2022;903,8;215,22
28/11/2022;895;215,95
25/11/2022;901,8;218,14
24/11/2022;905,4;217,59
23/11/2022;894,2;217,59
22/11/2022;907;216,36
21/11/2022;920;214,12
18/11/2022;916,8;216,33
17/11/2022;905,4;213,55
16/11/2022;924;213,94
15/11/2022;921;215,44
14/11/2022;921;212,76
11/11/2022;911,2;216,86
10/11/2022;915,4;212,8
09/11/2022;902,8;201,49
08/11/2022;918,8;204,3
07/11/2022;917;199,89
04/11/2022;906,2;199,2
03/11/2022;883;192,52
02/11/2022;887,2;191,59
01/11/2022;886,2;196,96
31/10/2022;888;196,77
28/10/2022;882;198,65
27/10/2022;893,4;196,29
26/10/2022;877,8;197,18
25/10/2022;895;196,51
24/10/2022;898,4;191,73
21/10/2022;876,6;188,37
20/10/2022;882,6;186,66
19/10/2022;913,8;187,57
18/10/2022;946,6;191,02
17/10/2022;941,4;188,59
14/10/2022;953,6;180,63
13/10/2022;934,4;183,45
12/10/2022;944,8;182,5
11/10/2022;936;183,15
10/10/2022;908,2;182,11
07/10/2022;919,2;185
06/10/2022;923,4;190,88
05/10/2022;913,8;193,52
04/10/2022;923;193,78
03/10/2022;889,8;186,7
30/09/2022;893,8;185
29/09/2022;900;186,42
28/09/2022;920,8;191,23
27/09/2022;934,8;189,19
26/09/2022;927;186,43
23/09/2022;912;186,25
22/09/2022;933,2;189,13
21/09/2022;927;192,48
20/09/2022;925,4;194
19/09/2022;933,8;198,44
16/09/2022;925;196,9
15/09/2022;931,2;196,64
14/09/2022;947;199,62
13/09/2022;964,2;195,52
12/09/2022;967,6;201,97
09/09/2022;947,8;195,8
08/09/2022;948,8;193,71
07/09/2022;931,8;195,27
06/09/2022;940,6;190,35
05/09/2022;938,2;191,18
02/09/2022;953,4;191,18
01/09/2022;943,8;193,85
31/08/2022;965,8;194,66
30/08/2022;971,4;195,43
29/08/2022;960,4;198,99
26/08/2022;965,8;197,79
25/08/2022;968,6;206,92
24/08/2022;987,4;203,6
23/08/2022;980,4;201,9
22/08/2022;987;200,56
19/08/2022;1001;207,04
18/08/2022;992,6;212,37
17/08/2022;996,8;211,38
16/08/2022;959,8;212,16
15/08/2022;961,4;214,66
12/08/2022;954,8;215,81
11/08/2022;963,2;215,27
10/08/2022;953,6;215
09/08/2022;940,4;210,47
08/08/2022;936,4;213,56
05/08/2022;922,6;211,94
04/08/2022;942,8;216
03/08/2022;954,4;215,7
02/08/2022;962,2;211,04
01/08/2022;952,2;213,21
29/07/2022;940;211,23
28/07/2022;928,4;207,49
27/07/2022;934,4;200,73
26/07/2022;940,6;195,65
25/07/2022;937,2;201,61
22/07/2022;940,2;200,43
21/07/2022;937,4;202,04
20/07/2022;944,4;195,59
19/07/2022;963,4;198,98
18/07/2022;966,4;195,08
15/07/2022;950,4;193,47
14/07/2022;942,4;188,75
13/07/2022;955,8;191,12
12/07/2022;946,6;188,86
11/07/2022;938,6;190,68
08/07/2022;938,2;193,63
07/07/2022;912,4;192,57
06/07/2022;912,2;189,81
05/07/2022;910,4;189,98
04/07/2022;908,4;187,94
01/07/2022;907,2;187,94
30/06/2022;904;183,48
29/06/2022;907,4;184,8
28/06/2022;921;185,07
27/06/2022;908,4;186,46
24/06/2022;897,6;191,94
23/06/2022;874,6;185,61
22/06/2022;863,6;183,75
21/06/2022;879,6;184,43
20/06/2022;875,8;176,03
17/06/2022;877,2;176,03
16/06/2022;871,2;174,06
15/06/2022;887;176,87
14/06/2022;847,6;168,75
13/06/2022;867,6;171,51
10/06/2022;857,2;181,82
09/06/2022;864,8;187,45
08/06/2022;860,4;191,87
07/06/2022;860,2;191,16
03/06/2022;862,2;189,71
02/06/2022;859,8;197,88
01/06/2022;860;189,17
31/05/2022;882,2;194,97
30/05/2022;896;201,86
25/05/2022;868,8;191,04
24/05/2022;864,2;190,52
23/05/2022;866,4;189,66
20/05/2022;874,6;189,48
19/05/2022;865,4;188,44
18/05/2022;897,6;183,17
17/05/2022;916,4;192,37
16/05/2022;913,8;187,61
12/05/2022;876,8;188,99
11/05/2022;868,8;188,5
10/05/2022;860;190,71
09/05/2022;850,8;190,56
06/05/2022;861;197,86
05/05/2022;894,2;202,06
04/05/2022;886;211,75
03/05/2022;902,2;214,23
02/05/2022;901,4;210,56
29/04/2022;908,4;209,74
28/04/2022;887,2;214,04
27/04/2022;882,8;207,89
26/04/2022;876,2;205,79
25/04/2022;879,8;213,37
22/04/2022;885,6;210,46
21/04/2022;899,8;216,89
20/04/2022;879,6;221,64
19/04/2022;853,6;222,85
13/04/2022;832,4;223,47
12/04/2022;833,2;221,71
11/04/2022;837;220,76
08/04/2022;844,4;219,51
07/04/2022;829,4;221,4
06/04/2022;813,6;220,2
05/04/2022;822,2;225,78
04/04/2022;812,6;231,43
01/04/2022;837,2;221,08
31/03/2022;830;218,09
30/03/2022;849,4;221,19
29/03/2022;846,6;222,89
28/03/2022;810,2;214,44
25/03/2022;783;213,34
24/03/2022;790,4;213,12
23/03/2022;787;207,88
22/03/2022;810,8;212,39
21/03/2022;818;207,54
18/03/2022;814,6;209,61
17/03/2022;820;209,53
16/03/2022;809,6;208,9
15/03/2022;771,4;195,2
14/03/2022;814,2;192,93
11/03/2022;814,8;190,45
10/03/2022;808,4;192,96
09/03/2022;855,4;197,72
08/03/2022;817,4;181,48
07/03/2022;811,8;183,25
04/03/2022;844,8;198,41
03/03/2022;879,8;203,74
02/03/2022;894,2;210,06
01/03/2022;937;208,48
28/02/2022;972,2;215,31
25/02/2022;1025,5;213,42
24/02/2022;977;215,55
23/02/2022;1000;215,3
22/02/2022;1003,5;216,43
21/02/2022;1012,5;220,38
18/02/2022;1058;220,38
17/02/2022;1070;220,97
16/02/2022;1071,5;224,07
15/02/2022;1069;224,24
14/02/2022;1029,5;218,21
11/02/2022;1091,5;218,17
10/02/2022;1096;224,5
09/02/2022;1086,5;233,8
08/02/2022;1072;227,09
07/02/2022;1087,5;225,52
04/02/2022;1070;230,13
03/02/2022;1064,5;229,53
02/02/2022;1094,5;238,41
01/02/2022;1062;235,49
31/01/2022;1068;230,96
28/01/2022;1051,5;226,98
27/01/2022;1066,5;221,12
26/01/2022;1053,5;226,26
25/01/2022;1057;226,66
24/01/2022;1060;231,72
21/01/2022;1087;232,31
20/01/2022;1089,5;236,6
19/01/2022;1109;239,08
18/01/2022;1094;236,65
17/01/2022;1126,5;245,39
14/01/2022;1123;245,39
13/01/2022;1129;251,01
12/01/2022;1128,5;258,41
11/01/2022;1129,5;254,34
10/01/2022;1138,5;254,22
07/01/2022;1118;257,02
06/01/2022;1139,5;261,58
05/01/2022;1151,5;262,79
04/01/2022;1152;269,19
03/01/2022;1155;259,49
30/12/2021;1129,5;256,83
29/12/2021;1126,5;257,8
28/12/2021;1123,5;257,5
27/12/2021;1121;258,14
23/12/2021;1111,5;253,46
22/12/2021;1119;250,7
21/12/2021;1096;249,02
20/12/2021;1085;249,6
17/12/2021;1089;252,51
16/12/2021;1092;256,58
15/12/2021;1088;260,47
14/12/2021;1080;253,31
13/12/2021;1054;258,4
10/12/2021;1030,5;261,3
09/12/2021;1039;260,25
08/12/2021;1044;267,07
07/12/2021;1044;265,9
06/12/2021;1043,5;258,53
03/12/2021;1015,5;258,81
02/12/2021;1023,5;262,48
01/12/2021;1026;256,86
30/11/2021;1020;260,46
29/11/2021;1063;265,77
26/11/2021;1062;262,71
25/11/2021;1092,5;268,33
24/11/2021;1073;268,33
23/11/2021;1059,5;266,96
22/11/2021;1077,5;275,3
19/11/2021;1078;271,31
18/11/2021;1097;265,8
17/11/2021;1101;266,28
16/11/2021;1113,5;257,89
15/11/2021;1112;258,85
12/11/2021;1107;258,57
11/11/2021;1096;258,1
10/11/2021;1094;252,98
09/11/2021;1100;256,67
08/11/2021;1094,5;260,73
05/11/2021;1099,5;262,52
04/11/2021;1100;257,33
03/11/2021;1104,5;255,68
02/11/2021;1109;248,81
01/11/2021;1089,5;239,74
29/10/2021;1061,5;237,17
28/10/2021;1080,5;235,06
27/10/2021;1073;231,44
26/10/2021;1070,5;230
25/10/2021;1054;231,01
22/10/2021;1062;223
21/10/2021;1042;224,61
20/10/2021;1058;223,04
19/10/2021;1056,5;224,69
18/10/2021;1059;222,4
15/10/2021;1072;224,42
14/10/2021;1075,5;223,34
13/10/2021;1091;214,05
12/10/2021;1067;215,62
11/10/2021;1062;215,16
08/10/2021;1079,5;212,9
07/10/2021;1084;211,22
06/10/2021;1063;207,58
05/10/2021;1056;209,71
04/10/2021;1042,5;207,24
01/10/2021;1035,5;209,19
30/09/2021;1049,5;209,12
29/09/2021;1045;209,38
28/09/2021;1045;211,31
27/09/2021;1045;216,55
24/09/2021;1042,5;217,46
23/09/2021;1045;217,12
22/09/2021;1039,5;215,84
21/09/2021;1030,5;214,71
20/09/2021;1000;213,17
17/09/2021;1008,5;216,39
16/09/2021;1009;218,86
15/09/2021;1002;221,48
14/09/2021;1019,5;220,78
13/09/2021;1056,5;219,29
10/09/2021;1058,5;219,1
09/09/2021;1080,5;219,55
08/09/2021;1082;219,34
07/09/2021;1086;220,53
06/09/2021;1096;218,78
03/09/2021;1088,5;218,78
02/09/2021;1100,5;219,52
01/09/2021;1110;217,47
31/08/2021;1099,5;217,4
30/08/2021;1103;217,59
27/08/2021;1097,5;216,32
26/08/2021;1086,5;214,64
25/08/2021;1088;217,98
24/08/2021;1100,5;215,09
23/08/2021;1097,5;217,14
20/08/2021;1083;214,12
19/08/2021;1094;213,16
18/08/2021;1132;218,35
17/08/2021;1107;219,25
16/08/2021;1107,5;225,87
13/08/2021;1097;225,88
12/08/2021;1086,5;223,25
11/08/2021;1094;224,04
10/08/2021;1105;221,2
09/08/2021;1109,5;222,12
06/08/2021;1115;219,46
05/08/2021;1126;219,42
04/08/2021;1129;211,74
03/08/2021;1125,5;211,3
02/08/2021;1147,5;212,15
30/07/2021;1159,5;218,29
29/07/2021;1178;216,24
28/07/2021;1177;212,24
27/07/2021;1169,5;211,39
26/07/2021;1165;211,99
23/07/2021;1169;212,11
22/07/2021;1157;207,21
21/07/2021;1155;205,61
20/07/2021;1144;204,14
19/07/2021;1135,5;204,11
16/07/2021;1165;206,89
15/07/2021;1164;206,84
14/07/2021;1171,5;210,32
13/07/2021;1182,5;209,66
12/07/2021;1174;209,58
09/07/2021;1158,5;209,08
08/07/2021;1164;205,66
07/07/2021;1183,5;207,03
06/07/2021;1177,5;205,86
05/07/2021;1176;206,79
02/07/2021;1176;206,79
01/07/2021;1178;203,56
30/06/2021;1169;206,05
29/06/2021;1178;206,87
28/06/2021;1180,5;205,42
25/06/2021;1167;204,22
24/06/2021;1169;203,28
23/06/2021;1160;200,11
22/06/2021;1161;201,49
21/06/2021;1155,5;202,18
18/06/2021;1158,5;200,09
17/06/2021;1164,5;200,92
16/06/2021;1178,5;202,75
15/06/2021;1151;204,5
14/06/2021;1138;205,28
11/06/2021;1135,5;211,31
10/06/2021;1133;211,65
09/06/2021;1126;212,18
08/06/2021;1105;218,82
07/06/2021;1107,5;219,37
04/06/2021;1106,5;216,88
03/06/2021;1104,5;215,43
02/06/2021;1114;214,41
01/06/2021;1116;212,7
31/05/2021;1116;210,91
28/05/2021;1122;210,91
27/05/2021;1119;210
26/05/2021;1113,5;212,52
25/05/2021;1115,5;213,01
21/05/2021;1121;211,23
20/05/2021;1118,5;208,1
19/05/2021;1109;202,75
18/05/2021;1117;203,58
17/05/2021;1119,5;201,65
12/05/2021;1121;195,57
11/05/2021;1097;197,88
10/05/2021;1121;199,56
07/05/2021;1122;200,5
06/05/2021;1107,5;200,11
05/05/2021;1091,5;203,25
04/05/2021;1097;202,98
03/05/2021;1099,5;217,98
29/04/2021;1085,5;216,45
28/04/2021;1077;217,58
27/04/2021;1060,5;218,95
26/04/2021;1072;218,05
23/04/2021;1084,5;215,9
22/04/2021;1085,5;213,08
21/04/2021;1078,5;214,75
20/04/2021;1046,5;209,85
19/04/2021;1058,5;212,2
16/04/2021;1057;212
15/04/2021;1061,5;210,95
14/04/2021;1045,5;207,42
13/04/2021;1046,5;210,2
12/04/2021;1045,5;211,98
09/04/2021;1050,5;209,2
08/04/2021;1021,5;209,17
07/04/2021;1000,5;208,8
06/04/2021;1003;209,19
31/03/2021;974,6;209,28
30/03/2021;986,6;208,77
29/03/2021;981,4;204,43
26/03/2021;974,6;204,26
25/03/2021;965,8;203,95
24/03/2021;982;200,35
23/03/2021;989;202,82
22/03/2021;987,4;208,06
19/03/2021;993,4;197,06
18/03/2021;988,6;194,65
17/03/2021;982;197,54
16/03/2021;983;196,62
15/03/2021;1006,5;195,63
12/03/2021;1006;195,81
11/03/2021;1009;196,82
10/03/2021;1012;191,83
09/03/2021;1006,5;193,03
08/03/2021;991,2;188,52
05/03/2021;991,4;188,9
04/03/2021;983,4;187,78
03/03/2021;969,6;191,45
02/03/2021;975;196,48
01/03/2021;989,4;197,7
26/02/2021;970;197,38
25/02/2021;995;194,83
24/02/2021;987,4;196,41
23/02/2021;991,2;196,81
22/02/2021;985,4;196,72
19/02/2021;1005,5;198,29
18/02/2021;1006,5;199,45
17/02/2021;1009,5;199,93
16/02/2021;992;201,97
15/02/2021;988,6;205,35
12/02/2021;961;205,35
11/02/2021;965,4;204,93
10/02/2021;958,2;207,15
09/02/2021;971,2;209,18
08/02/2021;975,8;208,68
05/02/2021;964,8;202,68
04/02/2021;932;201,33
03/02/2021;925;200
02/02/2021;926,8;207,79
01/02/2021;910,2;216,99
29/01/2021;900,2;208,18
28/01/2021;916,8;206,98
27/01/2021;905,4;207,25
26/01/2021;924,6;208,5
25/01/2021;926;210,16
22/01/2021;931;212,07
21/01/2021;933,2;216,14
20/01/2021;946,4;213,65
19/01/2021;925;210,43
18/01/2021;941,4;210,07
15/01/2021;922,8;210,07
14/01/2021;921;216,16
13/01/2021;921,6;221,69
12/01/2021;912;217,96
11/01/2021;914,6;217,96
08/01/2021;939,2;217,97
07/01/2021;940,8;222,1
06/01/2021;947,2;221,75
05/01/2021;972,2;226,08
04/01/2021;965,6;227,01
30/12/2020;975,2;229,69
29/12/2020;983,6;229,64
28/12/2020;969,8;228,61
23/12/2020;952,8;225,34
22/12/2020;950,6;227,54
21/12/2020;947,4;224,64
18/12/2020;964;225,73
17/12/2020;967,2;223,73
16/12/2020;949,6;222,19
15/12/2020;947,4;221,03
14/12/2020;953;216,4
11/12/2020;940;214,89
10/12/2020;943;213,93
09/12/2020;950;214,95
08/12/2020;933,2;214
07/12/2020;931,4;210,66
04/12/2020;941,6;210,34
03/12/2020;934,6;215,35
02/12/2020;937,2;214,77
01/12/2020;928,2;214,39
30/11/2020;928,4;211,11
27/11/2020;939,8;212,74
26/11/2020;925,8;212,39
25/11/2020;930,2;212,39
24/11/2020;935;210,3
23/11/2020;935,8;209,96
20/11/2020;943,6;209,74
19/11/2020;946,4;214,17
18/11/2020;958;214,03
17/11/2020;963,6;210,35
16/11/2020;967,2;207,67
13/11/2020;945,4;206,69
12/11/2020;955;205,48
11/11/2020;965,2;209,27
10/11/2020;949,2;204,6
09/11/2020;917,8;205,8
06/11/2020;857;208
05/11/2020;862,4;207,09
04/11/2020;853,4;202,2
03/11/2020;826,2;196,01
02/11/2020;817;183,18
30/10/2020;809;178,42
29/10/2020;820;178,57
28/10/2020;824,2;177,12
27/10/2020;836,2;185,34
26/10/2020;845,8;185,42
23/10/2020;854;189,97
22/10/2020;840,2;190,1
21/10/2020;841;189,93
20/10/2020;871,6;192,54
19/10/2020;870,8;189,37
16/10/2020;867,8;192,52
15/10/2020;875,2;187,71
14/10/2020;890,6;185,76
13/10/2020;896,2;184,19
12/10/2020;903,6;184,9
09/10/2020;890;182,84
08/10/2020;890,4;181,32
07/10/2020;866,2;183,4
06/10/2020;878;176,49
05/10/2020;878,2;182,63
02/10/2020;869,4;180,87
01/10/2020;865,8;184,6
30/09/2020;856;184,09
29/09/2020;852,2;182,35
28/09/2020;858;183,28
25/09/2020;842,6;181,25
24/09/2020;840;182,83
23/09/2020;837,2;181,58
22/09/2020;841,8;183,3
21/09/2020;835,2;184,1
18/09/2020;866,6;187,92
17/09/2020;887;190,14
16/09/2020;869,6;188,85
15/09/2020;863,8;191,58
14/09/2020;861,4;191,99
11/09/2020;854,4;191,72
10/09/2020;866;187,86
09/09/2020;862;189,42
08/09/2020;865,4;185,84
07/09/2020;880;191,74
04/09/2020;871;191,74
03/09/2020;885,6;190,97
02/09/2020;869;196,69
01/09/2020;860;195,57
31/08/2020;876,6;194,75
28/08/2020;870,2;196,3
27/08/2020;888,2;195,51
26/08/2020;887,4;199,29
25/08/2020;896,4;197,31
24/08/2020;882;195,43
21/08/2020;868,6;193,81
20/08/2020;875,8;195,02
19/08/2020;891,4;194,71
18/08/2020;874,4;196,3
17/08/2020;875,8;197,19
14/08/2020;881,2;194,3
13/08/2020;885,6;194,32
12/08/2020;940;192,63
11/08/2020;921,4;185,49
10/08/2020;905,4;184,25
07/08/2020;915;185,95
06/08/2020;913,4;186,64
05/08/2020;927;186,73
04/08/2020;925,2;185,51
03/08/2020;928;186,45
31/07/2020;928;181,7
30/07/2020;944,8;181,02
29/07/2020;946,8;182,2
28/07/2020;937,8;178,89
27/07/2020;933,4;179,93
24/07/2020;935;179,19
23/07/2020;944,2;182,18
22/07/2020;942;183,03
21/07/2020;937,4;180,85
20/07/2020;933,4;180,79
17/07/2020;935,2;177,56
16/07/2020;946,2;177,39
15/07/2020;952;179
14/07/2020;929,8;178,1
13/07/2020;932,4;176,33
10/07/2020;926,6;179
09/07/2020;871;177,56
08/07/2020;883,6;175,91
07/07/2020;887,4;173,51
06/07/2020;886,8;176,01
03/07/2020;887,2;172,16
02/07/2020;884;172,16
01/07/2020;872,8;171,94
30/06/2020;876,6;171,01
29/06/2020;866,2;170,98
26/06/2020;878,4;169,62
25/06/2020;873;170,09
24/06/2020;875;168,69
23/06/2020;905,6;173,05
22/06/2020;890,4;171,45
19/06/2020;890,4;168,21
18/06/2020;898,6;168,58
17/06/2020;896,6;169,81
16/06/2020;877,6;169,69
15/06/2020;855,4;169,7
12/06/2020;867;167,89
11/06/2020;867,6;165,29
10/06/2020;895,8;175,68
09/06/2020;905;174,51
08/06/2020;929,4;172,6
04/06/2020;900,6;173,99
03/06/2020;905;176,19
02/06/2020;889,8;171,21
29/05/2020;866,6;168,71
28/05/2020;889,2;166,69
27/05/2020;869,8;163,37
26/05/2020;878,6;162,78
25/05/2020;851,6;160,48
20/05/2020;843,8;158,79
19/05/2020;830,6;158,25
18/05/2020;829,6;162,76
15/05/2020;804,2;157,39
14/05/2020;807;154,81
13/05/2020;820,8;154,76
12/05/2020;843,8;156,91
11/05/2020;839,4;160,05
07/05/2020;829,8;157,28
06/05/2020;844,2;155,7
05/05/2020;826,8;156,04
04/05/2020;822,6;158,53
30/04/2020;858,6;155,62
29/04/2020;841,2;157,25
28/04/2020;826,8;155,86
27/04/2020;815,4;158,5
24/04/2020;807,4;156,35
23/04/2020;822,6;157,02
22/04/2020;807,6;158,02
21/04/2020;812,2;153,15
20/04/2020;836;157,01
17/04/2020;836,4;161,34
16/04/2020;816,8;154,3
15/04/2020;813;150,6
14/04/2020;792;155,76
08/04/2020;792,8;154,01
07/04/2020;792;146,48
06/04/2020;800;147,01
03/04/2020;785;134,83
02/04/2020;751;141,85
01/04/2020;765,8;148,45
31/03/2020;769,8;152,57
30/03/2020;753;154,29
27/03/2020;718,8;150,03
26/03/2020;739,2;157,18
25/03/2020;710,8;154,06
24/03/2020;692,8;144,95
23/03/2020;697;129,5
20/03/2020;707,8;139,56
19/03/2020;677,4;136,7
18/03/2020;663,6;134,05
17/03/2020;710;136,61
16/03/2020;736,4;129,32
13/03/2020;745;142,28
12/03/2020;715,6;129,99
11/03/2020;784,4;143,04
10/03/2020;799,6;146,34
09/03/2020;828,6;137,73
06/03/2020;892,2;152,18
05/03/2020;920,6;154,19
04/03/2020;917,4;160,38
03/03/2020;912,8;156,73
02/03/2020;887,8;161,21
28/02/2020;887,6;157,75
27/02/2020;917,6;156,09
26/02/2020;940,8;159,9
25/02/2020;945,4;161,51
24/02/2020;968;162,99
21/02/2020;1010;172,9
20/02/2020;1027,5;177,85
19/02/2020;1021,5;179,21
18/02/2020;1017;177,67
17/02/2020;1016;173,26
14/02/2020;1025,5;173,26
13/02/2020;1016;172,31
12/02/2020;1009;173,79
11/02/2020;1008;171,16
10/02/2020;1002,5;167,55
07/02/2020;1002,5;166,76
06/02/2020;1003;168,8
05/02/2020;1004,5;167,88
04/02/2020;1002;168,53
03/02/2020;974;170,25
31/01/2020;986,4;168,82
30/01/2020;985,2;172,48
29/01/2020;1001;172,65
28/01/2020;993,8;171,25
27/01/2020;991,2;168,05
24/01/2020;1038,5;172,48
23/01/2020;1046;172,26
22/01/2020;1044,5;173,12
21/01/2020;1057;174,15
20/01/2020;1050,5;173,94
17/01/2020;1048,5;173,94
16/01/2020;1028,5;173,41
15/01/2020;1024,5;172,58
14/01/2020;1014;171,55
13/01/2020;1006;174,29
10/01/2020;997,8;171,31
09/01/2020;1000;169,91
08/01/2020;993;168,54
07/01/2020;1002;165,22
06/01/2020;1001;165,85
03/01/2020;989,8;166,73
02/01/2020;984,4;168,51
30/12/2019;993,8;165,3
27/12/2019;1005;168,72
23/12/2019;1007;168,59
20/12/2019;996,6;167,01
19/12/2019;984;166,52
18/12/2019;980,2;167,53
17/12/2019;975,8;167,43
16/12/2019;985,2;165,25
13/12/2019;962,4;163,93
12/12/2019;970,2;166,22
11/12/2019;979,6;165,23
10/12/2019;985;164,84
09/12/2019;987;163,68
06/12/2019;994,8;166,17
05/12/2019;986,2;166,94
04/12/2019;978,8;167,62
03/12/2019;992;168,02
02/12/2019;979,4;165,11
29/11/2019;975,6;168,27
28/11/2019;981,8;170,88
27/11/2019;986,6;170,88
26/11/2019;984,2;170,04
25/11/2019;975,2;167,66
22/11/2019;963,6;165,25
21/11/2019;960;165,41
20/11/2019;970,2;164,41
19/11/2019;969;164,22
18/11/2019;968,8;165,35
15/11/2019;966,6;167
14/11/2019;948,8;165,47
13/11/2019;959,8;163,86
12/11/2019;957;165,02
11/11/2019;952,8;164,4
08/11/2019;956;164,9
07/11/2019;947;164,96
06/11/2019;949;165,44
05/11/2019;950,8;165,6
04/11/2019;941,8;169,99
01/11/2019;956,2;161,38
31/10/2019;942,4;160,12
30/10/2019;966;158,14
29/10/2019;952,6;157,78
28/10/2019;964,4;157,45
25/10/2019;957,8;156,09
24/10/2019;972,8;155,03
23/10/2019;970,2;151,97
22/10/2019;986;153,9
21/10/2019;983,8;156,05
18/10/2019;985,6;155,85
17/10/2019;998;157,61
16/10/2019;993;159,87
15/10/2019;996;156,1
14/10/2019;1001,5;154,77
11/10/2019;999;153,32
10/10/2019;999;150,15
09/10/2019;1009;149,3
08/10/2019;1011;147,54
07/10/2019;1013;149,79
04/10/2019;1004;149,56
03/10/2019;990,2;149,44
02/10/2019;986,6;146,9
01/10/2019;1005;151,96
30/09/2019;1012,5;154,09
27/09/2019;1017;152,12
26/09/2019;1015;151,48
25/09/2019;997,4;150,35
24/09/2019;998,8;150,66
23/09/2019;992,6;152,77
20/09/2019;991;152,08
19/09/2019;989;153,62
18/09/2019;989,8;154,78
17/09/2019;992,4;153,96
16/09/2019;980;150,96
13/09/2019;988;152,6
12/09/2019;989,8;154,44
11/09/2019;995,4;151,55
10/09/2019;994;151,04
09/09/2019;1015,5;160,74
06/09/2019;1025,5;163,11
05/09/2019;1019;161,88
04/09/2019;1024;159,99
03/09/2019;1019,5;158,01
02/09/2019;1011;157,75
30/08/2019;1001,5;157,75
29/08/2019;996,4;158,22
28/08/2019;990,8;157,65
27/08/2019;985;160,39
26/08/2019;992,4;156,6
23/08/2019;1000,5;153,22
22/08/2019;999,6;155,11
21/08/2019;1011,5;156,49
20/08/2019;999,2;155,03
19/08/2019;982;156,18
16/08/2019;1002;155,83
15/08/2019;990,2;155,32
14/08/2019;950;155,9
13/08/2019;973,6;160,82
12/08/2019;973,4;158,01
09/08/2019;976;158,87
08/08/2019;975,2;160,1
07/08/2019;876,4;158,11
06/08/2019;870,8;156,59
05/08/2019;873;156,78
02/08/2019;913,8;159,48
01/08/2019;923;163
31/07/2019;921,6;161,08
30/07/2019;911,8;160,14
29/07/2019;907;164,68
26/07/2019;927,4;165,85
25/07/2019;914,8;166,27
24/07/2019;901,8;167,51
23/07/2019;902,2;168,43
22/07/2019;899;167,1
19/07/2019;898,8;166,5
18/07/2019;893;168,7
17/07/2019;892,6;168,75
16/07/2019;896;169,12
15/07/2019;900,8;168,47
12/07/2019;900,2;166,51
11/07/2019;912,4;166,43
10/07/2019;913;167
09/07/2019;918;165,64
08/07/2019;923,6;165,85
05/07/2019;908;165,61
04/07/2019;914,2;167,51
03/07/2019;918,8;167,51
02/07/2019;892,6;165,12
01/07/2019;878;163,19
28/06/2019;870,2;161,42
27/06/2019;864,4;160,86
26/06/2019;881;159,5
25/06/2019;887,8;159,74
24/06/2019;886,2;162,21
21/06/2019;874,6;162,21
20/06/2019;882,6;161,16
19/06/2019;881,8;157,83
18/06/2019;889,8;158,21
17/06/2019;882;154,14
14/06/2019;880;152,86
13/06/2019;906;154,05
12/06/2019;908;154,63
11/06/2019;892,8;154,72
07/06/2019;895,4;150,34
06/06/2019;888,4;148,48
04/06/2019;864,6;143,04
03/06/2019;878;141,97
29/05/2019;880,6;143,07
28/05/2019;902,8;144,52
27/05/2019;899,6;144,29
24/05/2019;894,8;144,29
23/05/2019;882,2;142,33
22/05/2019;885,6;142,87
21/05/2019;875;143,86
20/05/2019;880;141,54
16/05/2019;881,4;143,66
15/05/2019;880;143,64
14/05/2019;872,8;140,94
13/05/2019;872,8;138,68
10/05/2019;874,4;141,33
09/05/2019;875,4;141,16
08/05/2019;873,6;141,04
07/05/2019;868,4;137,7
06/05/2019;869,6;132,33
03/05/2019;875,4;134,14
02/05/2019;858,6;134,73
30/04/2019;859,8;136,03
29/04/2019;862,8;135,52
26/04/2019;864;135,4
25/04/2019;842,2;135,56
24/04/2019;850,2;136,48
23/04/2019;848,4;138,96
17/04/2019;840;137,69
16/04/2019;847,6;138,09
15/04/2019;856;137,03
12/04/2019;847,2;138,57
11/04/2019;850;137,26
10/04/2019;850;136,51
09/04/2019;848,6;136,44
08/04/2019;849,6;137,13
05/04/2019;839,8;136,94
04/04/2019;843;136,47
03/04/2019;845;136,18
02/04/2019;840;135,97
01/04/2019;833,6;135,05
29/03/2019;831,2;133,8
28/03/2019;836,8;133,05
27/03/2019;828;132,78
26/03/2019;828,2;132,96
25/03/2019;809,8;131,12
22/03/2019;819,6;128,65
21/03/2019;822,4;132,39
20/03/2019;819,2;131,75
19/03/2019;827,8;131,61
18/03/2019;823,8;132,28
15/03/2019;820,4;131,78
14/03/2019;817;131,19
13/03/2019;827,6;130,05
12/03/2019;829,4;130,19
11/03/2019;822,6;130,76
08/03/2019;823;128,88
07/03/2019;823;128,32
06/03/2019;817,4;130,11
05/03/2019;814;131,76
04/03/2019;812,6;130,8
01/03/2019;804,4;131,8
28/02/2019;794,6;128,26
27/02/2019;793,2;128,67
26/02/2019;811,8;129,05
25/02/2019;802,6;128,04
22/02/2019;800,2;126,03
21/02/2019;799,8;126,3
20/02/2019;795;125,77
19/02/2019;789,4;126,37
18/02/2019;798,6;125,98
15/02/2019;797,4;125,98
14/02/2019;794,8;125,06
13/02/2019;787;125,25
12/02/2019;788,2;126,44
11/02/2019;788,8;123,5
08/02/2019;779,6;124,28
07/02/2019;782,2;124,59
06/02/2019;778,6;126,96
05/02/2019;750,8;127,28
04/02/2019;752,2;127,22
01/02/2019;755,4;127,13
31/01/2019;745,4;126,3
30/01/2019;736,8;112,69
29/01/2019;740,2;110,55
28/01/2019;730;110,42
25/01/2019;730,4;111,24
24/01/2019;735,2;112,39
23/01/2019;727,2;110,2
22/01/2019;729,6;111,69
21/01/2019;735;113,29
18/01/2019;738,4;113,29
17/01/2019;727,2;113,71
16/01/2019;722;113,13
15/01/2019;719;112,37
14/01/2019;711,2;110,88
11/01/2019;717,2;110,84
10/01/2019;703,2;110,79
09/01/2019;697;111,19
08/01/2019;697,4;108,58
07/01/2019;700;104,48
04/01/2019;710,2;102,23
03/01/2019;693,8;96,98
02/01/2019;699;98,7
28/12/2018;692,6;98,4
27/12/2018;685,4;99,75
21/12/2018;701;98,16
20/12/2018;713,2;101,52
19/12/2018;715,8;102,43
18/12/2018;708;100,8
17/12/2018;711,8;99,94
14/12/2018;719;101,49
13/12/2018;722,2;104,1
12/12/2018;722,8;105,42
11/12/2018;719;104,96
10/12/2018;711,2;104,93
07/12/2018;715,4;104,84
06/12/2018;712,4;107,53
05/12/2018;730;108,37
04/12/2018;735;108,37
03/12/2018;728,8;111,68
30/11/2018;730;109,6
29/11/2018;717,4;109,21
28/11/2018;720,6;108,33
27/11/2018;723,8;104,77
26/11/2018;729;109,22
23/11/2018;722,8;106,66
22/11/2018;718;106,73
21/11/2018;719,8;106,73
20/11/2018;721,6;105,24
19/11/2018;731,6;108,82
16/11/2018;734,2;110,74
15/11/2018;735;111,8
14/11/2018;732;110,8
13/11/2018;732,8;109,61
12/11/2018;729;106,42
09/11/2018;731,4;110,07
08/11/2018;726,2;114,2
07/11/2018;726,4;116,07
06/11/2018;733,2;115,99
05/11/2018;726,8;117,58
02/11/2018;732,2;119,53
01/11/2018;733,6;119,98
31/10/2018;726,6;117,11
30/10/2018;720,4;116,28
29/10/2018;721,8;115,02
26/10/2018;714;116,17
25/10/2018;717,2;115,38
24/10/2018;731,8;111,79
23/10/2018;730,4;115,28
22/10/2018;747;116,28
19/10/2018;748,2;116,51
18/10/2018;743,6;114,25
17/10/2018;735,2;118,93
16/10/2018;743,4;121,75
15/10/2018;724,2;115,01
12/10/2018;726,2;116,3
11/10/2018;723,6;115,54
10/10/2018;731,8;117,63
09/10/2018;734,8;128,95
08/10/2018;735,4;129,68
05/10/2018;751,2;132,28
04/10/2018;754,4;133,06
03/10/2018;774;135,81
02/10/2018;770;137,57
01/10/2018;766;137,77
28/09/2018;770,4;136,91
27/09/2018;770,4;140,19
26/09/2018;769;140,79
25/09/2018;773;139,04
24/09/2018;763,8;139
21/09/2018;770,8;137,47
20/09/2018;756,8;137,29
19/09/2018;753,8;135,81
18/09/2018;757;138,32
17/09/2018;757,2;132,8
14/09/2018;759,2;132,14
13/09/2018;760,2;133,45
12/09/2018;758,2;132,79
11/09/2018;759,2;129,54
10/09/2018;774,2;126,74
07/09/2018;774,2;126,86
06/09/2018;770,2;126,43
05/09/2018;774;127,11
04/09/2018;784;128,58
03/09/2018;783;131,09
31/08/2018;784;131,09
30/08/2018;788;132,93
29/08/2018;792;134,2
28/08/2018;792,6;130,04
27/08/2018;791;128,2
24/08/2018;787,6;127,52
23/08/2018;791,2;124,79
22/08/2018;796,6;125,09
21/08/2018;795,6;126,33
20/08/2018;794,6;123,35
17/08/2018;784;120,8
16/08/2018;790;120,5
15/08/2018;763,6;119,23
14/08/2018;772,6;121
13/08/2018;772,4;122
10/08/2018;770,2;120,63
09/08/2018;770,6;123,83
08/08/2018;761;125,84
07/08/2018;773;125,13
06/08/2018;774,6;123,99
03/08/2018;776,4;124,84
02/08/2018;776;126,18
01/08/2018;776;118
31/07/2018;768,2;132,62
30/07/2018;775,4;130,5
27/07/2018;784,8;131,6
26/07/2018;784,2;131,63
25/07/2018;784,8;134,52
24/07/2018;785;133,25
23/07/2018;783,4;136,49
20/07/2018;786;140
19/07/2018;787,6;142,52
18/07/2018;782,4;143,03
17/07/2018;782,6;143,68
16/07/2018;777,6;142
13/07/2018;775,6;142,51
12/07/2018;770,6;139,66
11/07/2018;779,6;136,21
10/07/2018;781,2;137,7
09/07/2018;777,8;136,38
06/07/2018;779,6;135,36
05/07/2018;769,8;135,94
04/07/2018;768,4;133,94
03/07/2018;751,2;133,94
02/07/2018;751,6;135,15
29/06/2018;751,6;135,01
28/06/2018;748,2;135,05
27/06/2018;748;135,18
26/06/2018;745,8;137,13
25/06/2018;752,8;136,9
22/06/2018;750,6;139,48
21/06/2018;742,2;140,9
20/06/2018;731,4;143,21
19/06/2018;729;145,45
18/06/2018;730;147,81
15/06/2018;745,2;148,9
14/06/2018;739,6;149,33
13/06/2018;735,4;143,96
12/06/2018;733,8;140,64
11/06/2018;730,6;139,08
08/06/2018;720,2;136,37
07/06/2018;713;136,45
06/06/2018;714,4;139,46
04/06/2018;722,8;132,25
01/06/2018;710;132,9
31/05/2018;708;131,35
30/05/2018;713,6;130,25
29/05/2018;713,4;127,02
28/05/2018;721,4;131,19
25/05/2018;722,6;131,19
24/05/2018;711,4;131,44
23/05/2018;710,2;131,31
22/05/2018;705,8;132,46
18/05/2018;705,2;132,53
17/05/2018;704,4;133,73
16/05/2018;710,4;133,84
15/05/2018;708;133,89
14/05/2018;711,6;135,2
09/05/2018;713,2;135,64
08/05/2018;712,4;136,77
07/05/2018;707,6;140,39
04/05/2018;705;137,33
03/05/2018;697,6;130,99
02/05/2018;702;125,81
30/04/2018;691,4;122,68
26/04/2018;691,2;122,98
25/04/2018;686,4;122,82
24/04/2018;683,2;122,75
23/04/2018;683;121,88
20/04/2018;684,2;122,68
19/04/2018;682,8;123,19
18/04/2018;687,4;124,8
17/04/2018;690;125,23
16/04/2018;686,8;123,01
13/04/2018;696,6;122,43
12/04/2018;687,6;122,02
11/04/2018;691,2;120,43
10/04/2018;693,6;122,11
09/04/2018;708,6;120,19
06/04/2018;716,8;120,75
05/04/2018;710,8;121,34
04/04/2018;717;120,44
03/04/2018;722,2;120,61
28/03/2018;720,8;119,62
27/03/2018;709,6;119,7
26/03/2018;702,6;121,31
23/03/2018;706,4;118,39
22/03/2018;706;120,42
21/03/2018;708,6;123,53
20/03/2018;717,2;121,68
19/03/2018;710,8;121,26
16/03/2018;716,4;121,94
15/03/2018;715,2;122,79
14/03/2018;723,8;122,25
13/03/2018;733,2;123,1
12/03/2018;736;124,32
09/03/2018;737;124,71
08/03/2018;729;123,82
07/03/2018;723,2;124,72
06/03/2018;725,8;122,75
05/03/2018;728,2;121,5
02/03/2018;735,4;121,11
01/03/2018;743;121,53
28/02/2018;750,2;124,21
27/02/2018;746,6;126,01
26/02/2018;750,2;129,3
23/02/2018;744,2;129,56
22/02/2018;733;126,71
21/02/2018;735,4;128,01
20/02/2018;729,6;128,4
19/02/2018;728;129,71
16/02/2018;733;129,71
15/02/2018;715,2;129,1
14/02/2018;711,6;125,88
13/02/2018;703,2;123,77
12/02/2018;701;122,55
09/02/2018;700,6;120,24
08/02/2018;707,4;119,62
07/02/2018;715;124,08
06/02/2018;741,8;126,9
05/02/2018;759,8;121,45
02/02/2018;763,2;127,14
01/02/2018;771,4;128,19
31/01/2018;769,8;119,5
30/01/2018;770;118,09
29/01/2018;770;118,72
26/01/2018;770;119,96
25/01/2018;753;118,21
24/01/2018;763,4;118,9
23/01/2018;765;118,93
22/01/2018;759;121,37
19/01/2018;759,6;120,96
18/01/2018;758,4;119,38
17/01/2018;747;119,45
16/01/2018;740,4;117,56
15/01/2018;749,6;117,84
12/01/2018;754;117,84
11/01/2018;762;117,16
10/01/2018;764;114,27
09/01/2018;772;114,32
08/01/2018;765;113,52
05/01/2018;761,4;112,13
04/01/2018;749;111,31
03/01/2018;748,6;107,17
02/01/2018;745,4;105,15
29/12/2017;745;104,84
28/12/2017;749,5;106,75
27/12/2017;752;106,8
22/12/2017;746,5;106,54
21/12/2017;750;106,21
20/12/2017;748;105,56
19/12/2017;750,5;105,47
18/12/2017;744;106,71
15/12/2017;737;104,38
14/12/2017;733,5;105,02
13/12/2017;733;105,8
12/12/2017;733;106,65
11/12/2017;725;106,44
08/12/2017;732;105,84
07/12/2017;737,5;104,63
06/12/2017;736;104,57
05/12/2017;735,5;104,17
04/12/2017;732;104,34
01/12/2017;730,5;107,47
30/11/2017;740,5;108,6
29/11/2017;733;108,4
28/11/2017;738;111,7
27/11/2017;732;111,8
24/11/2017;735;113,71
23/11/2017;736;111,82
22/11/2017;740;111,82
21/11/2017;739;111,49
20/11/2017;738,5;110,18
17/11/2017;738;109,17
16/11/2017;745,5;110,02
15/11/2017;744;108,51
14/11/2017;754,5;109,91
13/11/2017;754;110,44
10/11/2017;747,5;109,56
09/11/2017;747,5;109,44
08/11/2017;749;112,8
07/11/2017;743;114,89
06/11/2017;751;117,25
03/11/2017;752;117,43
02/11/2017;735,5;117,11
01/11/2017;730,5;120
31/10/2017;729,5;119,68
30/10/2017;727;117,18
27/10/2017;730,5;115,59
26/10/2017;721;115,07
25/10/2017;720,5;114,72
24/10/2017;727,5;114,59
23/10/2017;740;113,71
20/10/2017;744;114,6
19/10/2017;732;115,91
18/10/2017;735;116,56
17/10/2017;716;115,77
16/10/2017;715;116,81
13/10/2017;712;114,96
12/10/2017;708,5;116,09
11/10/2017;715;116,52
10/10/2017;710,5;115,67
09/10/2017;702;114,83
06/10/2017;701,5;112,6
05/10/2017;701,5;113,17
04/10/2017;698;114,45
03/10/2017;696,5;114,33
02/10/2017;697;112,43
29/09/2017;689;110,48
28/09/2017;691;110,03
27/09/2017;688;110,58
26/09/2017;697;108,98
25/09/2017;697,5;110,14
22/09/2017;696;113,47
21/09/2017;701;113,57
20/09/2017;707;113,01
19/09/2017;707,5;113,49
18/09/2017;711;112,33
15/09/2017;711,5;110,05
14/09/2017;724,5;109,23
13/09/2017;722;108,8
12/09/2017;724;109,94
11/09/2017;727;111,48
08/09/2017;723,5;109,36
07/09/2017;721;108,59
06/09/2017;716,5;116,85
05/09/2017;717;116,16
04/09/2017;719;116,76
01/09/2017;722;116,76
31/08/2017;717;114,49
30/08/2017;714;114,6
29/08/2017;712;113,76
28/08/2017;717;113,83
25/08/2017;720,5;114
24/08/2017;721;114,17
23/08/2017;717,5;115,62
22/08/2017;709;115,18
21/08/2017;695,5;112,85
18/08/2017;694;111,53
17/08/2017;696;109,25
16/08/2017;674,5;110,95
15/08/2017;693;110,26
14/08/2017;686;110,05
11/08/2017;689,5;107,58
10/08/2017;690,5;108,67
09/08/2017;693;111,26
08/08/2017;707,5;110,66
07/08/2017;712,5;110,56
04/08/2017;707;109,15
03/08/2017;700,5;108,34
02/08/2017;697;110,47
01/08/2017;697;108,32
31/07/2017;698,5;105,19
28/07/2017;693;105,77
27/07/2017;701;104,04
26/07/2017;695,5;105,41
25/07/2017;686,5;101,4
24/07/2017;684;101,62
21/07/2017;689;100,02
20/07/2017;696;99,99
19/07/2017;694;97,62
18/07/2017;691,5;95,15
17/07/2017;690,5;93,75
14/07/2017;692,5;93,9
13/07/2017;682;92,76
12/07/2017;682,5;92,88
11/07/2017;671;90,59
10/07/2017;675,5;88,51
07/07/2017;670;86,09
06/07/2017;678;85,7
05/07/2017;689,5;86,29
04/07/2017;687,5;85,81
03/07/2017;691;85,81
30/06/2017;695,5;86,02
29/06/2017;694;85,95
28/06/2017;704,5;87,77
27/06/2017;709,5;87,31
26/06/2017;715,5;88,83
23/06/2017;712;89,18
22/06/2017;719;89,39
21/06/2017;725;89,18
20/06/2017;736,5;88,74
19/06/2017;732,5;89,78
16/06/2017;724,5;88,03
15/06/2017;719;87,55
14/06/2017;714,5;88,42
13/06/2017;711;88,19
12/06/2017;705;87,75
09/06/2017;712,5;89,45
08/06/2017;716,5;91,85
07/06/2017;726,5;90,57
06/06/2017;729,5;90,51
02/06/2017;728,5;90,59
01/06/2017;725;88,6
31/05/2017;721;86,72
30/05/2017;713,5;85,49
29/05/2017;711;85,5
24/05/2017;715;85,09
23/05/2017;708,5;84,79
22/05/2017;697,5;84,35
19/05/2017;687,5;83,33
18/05/2017;685;84,22
17/05/2017;690,5;82,77
16/05/2017;700,5;84,59
15/05/2017;704;84,9
11/05/2017;705,5;82,98
10/05/2017;702;84
09/05/2017;702;84,46
08/05/2017;699;82,72
05/05/2017;699;82,48
04/05/2017;701;81,46
03/05/2017;682;76,02
02/05/2017;684,5;75,56
28/04/2017;681,5;75,2
27/04/2017;683,5;75,62
26/04/2017;673,5;74,9
25/04/2017;672,5;74,15
24/04/2017;673,5;73,34
21/04/2017;663;70,82
20/04/2017;663;71,4
19/04/2017;664;71,26
18/04/2017;664;70,59
12/04/2017;661,5;71,66
11/04/2017;655;71,84
10/04/2017;651;71,93
07/04/2017;648;71,89
06/04/2017;646,5;72,61
05/04/2017;645,5;72,42
04/04/2017;647;73,6
03/04/2017;640;73,72
31/03/2017;644;74,36
30/03/2017;646;74,45
29/03/2017;647,5;74,85
28/03/2017;632;74,86
27/03/2017;627;73,93
24/03/2017;624;71,58
23/03/2017;619;70,72
22/03/2017;617;68,18
21/03/2017;625,5;67,09
20/03/2017;628,5;68
17/03/2017;624,5;68,43
16/03/2017;618;69,34
15/03/2017;614,5;67,86
14/03/2017;614,5;66,31
13/03/2017;612,5;66,34
10/03/2017;612;65,73
09/03/2017;609;65,17
08/03/2017;614,5;65,48
07/03/2017;616;65,59
06/03/2017;617,5;65,21
03/03/2017;616;66,27
02/03/2017;618,5;65,97
01/03/2017;622;65,87
28/02/2017;616,5;65,06
27/02/2017;617,5;65,82
24/02/2017;616;65,09
23/02/2017;619,5;65,67
22/02/2017;622;65,88
21/02/2017;618,5;65,58
20/02/2017;613;65,59
17/02/2017;614,5;65,59
16/02/2017;612,5;66,04
15/02/2017;611;66,01
14/02/2017;607,5;66,19
13/02/2017;611,5;66,17
10/02/2017;613;65,22
09/02/2017;617;64,77
08/02/2017;614,5;65,2
07/02/2017;630,5;64,5
06/02/2017;620;64,58
03/02/2017;627;65,7
02/02/2017;624;64,61
01/02/2017;623;62,14
31/01/2017;622;62,13
30/01/2017;623,5;60,94
27/01/2017;627;62,01
26/01/2017;619,5;61,86
25/01/2017;619,5;62,56
24/01/2017;614;62,68
23/01/2017;611,5;61,08
20/01/2017;615,5;60,35
19/01/2017;614;60,46
18/01/2017;615;59,9
17/01/2017;607;59,82
16/01/2017;609,5;59,83
13/01/2017;609;59,83
12/01/2017;604,5;59,28
11/01/2017;607,5;59,41
10/01/2017;610,5;58,98
09/01/2017;615;58,28
06/01/2017;614;58,94
05/01/2017;612;59,36
04/01/2017;611;59,41
03/01/2017;612,5;58,94
02/01/2017;613;58,14
30/12/2016;609,5;58,14
29/12/2016;606,5;57,79
28/12/2016;605,5;57,75
27/12/2016;606;58,29
23/12/2016;601,5;58,33
22/12/2016;601,5;57,74
21/12/2016;602;58,03
20/12/2016;600;58,6
19/12/2016;597,5;58,67
16/12/2016;599,5;58,35
15/12/2016;593,5;58,14
14/12/2016;602;57,87
13/12/2016;604,5;57,79
12/12/2016;592;56,86
09/12/2016;585,5;56,88
08/12/2016;577,5;56,77
07/12/2016;578;56,95
06/12/2016;586,5;56,04
05/12/2016;584;55,59
02/12/2016;580;54,09
01/12/2016;579,5;54,47
30/11/2016;597;54,12
29/11/2016;596;54,74
28/11/2016;592;53,77
25/11/2016;595;54,78
24/11/2016;584,5;53,7
23/11/2016;587;53,7
22/11/2016;593;54,31
21/11/2016;592,5;53,43
18/11/2016;587,5;52,76
17/11/2016;585,5;53,29
16/11/2016;582;53,47
15/11/2016;581;54,09
14/11/2016;576;53,26
11/11/2016;585,5;54,47
10/11/2016;592,5;53,53
09/11/2016;604,5;54,21
08/11/2016;612,5;54,42
07/11/2016;604;54,89
04/11/2016;595,5;51,07
03/11/2016;601,5;50,5
02/11/2016;605;51,31
01/11/2016;603,5;51,31
31/10/2016;611;52,77
28/10/2016;611;52,87
27/10/2016;611,5;53
26/10/2016;608,5;53,11
25/10/2016;619,5;53,01
24/10/2016;624,5;53,25
21/10/2016;631;52,6
20/10/2016;629;52,78
19/10/2016;629,5;52,55
18/10/2016;615;52,4
17/10/2016;612,5;52,21
14/10/2016;613,5;52,72
13/10/2016;607;52,51
12/10/2016;610,5;53,51
11/10/2016;616;53,32
10/10/2016;622;53,84
07/10/2016;610,5;53,49
06/10/2016;624;53,15
05/10/2016;625;53,64
04/10/2016;632;52,67
03/10/2016;633;52,06
30/09/2016;632;51,87
29/09/2016;636,5;50,77
28/09/2016;633;51,49
27/09/2016;624,5;50,12
26/09/2016;628,5;50,34
23/09/2016;632;50,22
22/09/2016;638,5;50,53
21/09/2016;627;49,1
20/09/2016;623,5;47,57
19/09/2016;613,5;47,73
16/09/2016;607;46,65
15/09/2016;615;47,85
14/09/2016;612,5;47,47
13/09/2016;612,5;47,58
12/09/2016;613,5;48,64
09/09/2016;612;48,2
08/09/2016;623;49,47
07/09/2016;630,5;49,76
06/09/2016;633,5;48,67
05/09/2016;644;48,5
02/09/2016;642;48,5
01/09/2016;627,5;48,32
31/08/2016;625,5;48,14
30/08/2016;631;48,55
29/08/2016;626;48,67
26/08/2016;625;48,74
25/08/2016;625,5;48,4
24/08/2016;625;48,53
23/08/2016;630,5;49,11
22/08/2016;629,5;48,41
19/08/2016;628,5;48,4
18/08/2016;632,5;48,66
17/08/2016;643,5;48,38
16/08/2016;679;47,93
15/08/2016;678,5;48,68
12/08/2016;667;48,41
11/08/2016;655;48,05
10/08/2016;646;47,95
09/08/2016;658,5;47,46
08/08/2016;647,5;47,45
05/08/2016;656;46,88
04/08/2016;657;46,66
03/08/2016;655,5;46,89
02/08/2016;658;46,51
01/08/2016;663;45,78
29/07/2016;660,5;45,17
28/07/2016;661;44,19
27/07/2016;656;44,77
26/07/2016;658,5;43,6
25/07/2016;656;43,47
22/07/2016;654;42,92
21/07/2016;653,5;42,68
20/07/2016;649,5;42,14
19/07/2016;642,5;42,14
18/07/2016;643,5;42,21
15/07/2016;642;42,37
14/07/2016;645;42,81
13/07/2016;647,5;42,08
12/07/2016;644;42,57
11/07/2016;645;42,03
08/07/2016;635,5;41,25
07/07/2016;632,5;39,54
06/07/2016;625;40,09
05/07/2016;632,5;39,99
04/07/2016;647;41,48
01/07/2016;647;41,48
30/06/2016;634,5;40,93
29/06/2016;607,5;40,09
28/06/2016;597,5;40,1
27/06/2016;593;38,88
24/06/2016;604;40,59
23/06/2016;626;43,78
22/06/2016;619;42,17
21/06/2016;616;42,6
20/06/2016;613,5;43,01
17/06/2016;598;42,14
16/06/2016;602;41,4
15/06/2016;609,5;41,65
14/06/2016;607;41,15
13/06/2016;612,5;41,38
10/06/2016;617;42,16
09/06/2016;633;43,5
08/06/2016;640;43,7
07/06/2016;642,5;44,3
06/06/2016;642,5;42,98
03/06/2016;640,5;43,18
02/06/2016;645,5;43,53
01/06/2016;645,5;42,54
31/05/2016;645;42,43
30/05/2016;649,5;41,98
27/05/2016;647;41,98
26/05/2016;645;41,9
25/05/2016;640;42
24/05/2016;633;41,33
23/05/2016;629;40,1
20/05/2016;628,5;41,03
19/05/2016;617,5;40,52
18/05/2016;626;41,84
17/05/2016;630;42,08
13/05/2016;630;43,65
12/05/2016;635,5;43,13
11/05/2016;619,5;43,16
10/05/2016;638;43,43
09/05/2016;640;42,92
04/05/2016;622,5;43,93
03/05/2016;630;43,95
02/05/2016;631;44,53
29/04/2016;633;45,85
28/04/2016;643,5;45
27/04/2016;637,5;43,96
26/04/2016;631,5;44,06
25/04/2016;629;42,96
21/04/2016;637,5;43,62
20/04/2016;641;44,5
19/04/2016;646;44,77
18/04/2016;627,5;43,92
15/04/2016;626;43,97
14/04/2016;625;42,48
13/04/2016;611;41,95
12/04/2016;618,5;41,34
11/04/2016;614,5;41,38
08/04/2016;626;41,13
07/04/2016;622;40,65
06/04/2016;629;41,39
05/04/2016;622,5;40,25
04/04/2016;629,5;41,15
01/04/2016;620;41,05
31/03/2016;624;41,7
30/03/2016;629;42,31
29/03/2016;613;41,52
23/03/2016;612;40,68
22/03/2016;598;41,66
21/03/2016;593,5;42,04
18/03/2016;591;42,4
17/03/2016;595;42,71
16/03/2016;592,5;42,26
15/03/2016;612;41,41
14/03/2016;613;42,04
11/03/2016;602,5;42,77
10/03/2016;592;41,57
09/03/2016;594,5;42,03
08/03/2016;594;41,22
07/03/2016;600,5;40,6
04/03/2016;604;39,74
03/03/2016;598,5;39,4
02/03/2016;595;39,54
01/03/2016;600;39,49
29/02/2016;593,5;37,98
26/02/2016;596,5;38,46
25/02/2016;595;38,7
24/02/2016;581,5;38,57
23/02/2016;609,5;38,94
22/02/2016;606;39,94
19/02/2016;605,5;38,51
18/02/2016;610;38,76
17/02/2016;609;39,1
16/02/2016;604,5;35,65
15/02/2016;609,5;34,15
12/02/2016;590;34,15
11/02/2016;575;32
10/02/2016;569,5;33,27
09/02/2016;547,5;33,96
08/02/2016;548,5;35,95
05/02/2016;573;37,7
04/02/2016;570;38,88
03/02/2016;565,5;37,09
02/02/2016;577,5;34,98
01/02/2016;584;39,93
29/01/2016;578;39,77
28/01/2016;559;39,96
27/01/2016;555;40,61
26/01/2016;552;41,45
25/01/2016;543;40,24
22/01/2016;540,5;41,85
21/01/2016;530;40,54
20/01/2016;518,5;39,9
19/01/2016;536;41,67
18/01/2016;530;40,02
15/01/2016;531,5;40,02
14/01/2016;548,5;41,99
13/01/2016;558;42,67
12/01/2016;569,5;43,66
11/01/2016;579;43,38
08/01/2016;594;43,11
07/01/2016;594;46,65
06/01/2016;594,5;47,07
05/01/2016;610;48,49
04/01/2016;612,5;47,39
30/12/2015;612,5;48,41
29/12/2015;610,5;47,93
28/12/2015;610,5;46,43
23/12/2015;610;47,05
22/12/2015;601;46,62
21/12/2015;605;47,41
18/12/2015;605;46,36
17/12/2015;601,5;47,48
16/12/2015;601,5;48,5
15/12/2015;584;47,55
14/12/2015;572;46,93
11/12/2015;572;48,79
10/12/2015;585,5;48,98
09/12/2015;585,5;47,75
08/12/2015;580;47,62
07/12/2015;595;47,99
04/12/2015;595;48,55
03/12/2015;602,5;47,06
02/12/2015;602,5;47,21
01/12/2015;599,5;47,64
30/11/2015;588;46,35
27/11/2015;588;46,06
26/11/2015;591;45,66
25/11/2015;589;45,66
24/11/2015;591;46,28
23/11/2015;614;46
20/11/2015;614;48,08
19/11/2015;608,5;47,6
18/11/2015;597;47,28
17/11/2015;589,5;48,98
16/11/2015;589,5;49,51
13/11/2015;589;51,4
12/11/2015;603,5;54,12
11/11/2015;589;54,34
10/11/2015;554,5;54
09/11/2015;551;53,2
06/11/2015;556;52,43
05/11/2015;565,5;51,74
04/11/2015;567;53,44
03/11/2015;555;52,38
02/11/2015;554;53,08
30/10/2015;556;50,43
29/10/2015;552;51,02
28/10/2015;558,5;51,87
27/10/2015;539;53,85
26/10/2015;543,5;55,02
23/10/2015;538;56,38
22/10/2015;532,5;56,75
21/10/2015;523;55
20/10/2015;528;
19/10/2015;527;
16/10/2015;525;
15/10/2015;525;
14/10/2015;524,5;
13/10/2015;526;
12/10/2015;533;
09/10/2015;531;
08/10/2015;528;
07/10/2015;528;
06/10/2015;525;
05/10/2015;527;
02/10/2015;512;
01/10/2015;507;
30/09/2015;512,5;
29/09/2015;498,5;
28/09/2015;501;
25/09/2015;508;
24/09/2015;502;
23/09/2015;510;
22/09/2015;502,5;
21/09/2015;512;
18/09/2015;510,5;
17/09/2015;522;
16/09/2015;515,5;
15/09/2015;492,2;
14/09/2015;491,7;
11/09/2015;498,3;
10/09/2015;503,5;
09/09/2015;508;
08/09/2015;503,5;
07/09/2015;495,8;
04/09/2015;501,5;
03/09/2015;512;
02/09/2015;499,6;
01/09/2015;494,6;
31/08/2015;502;
28/08/2015;505,5;
27/08/2015;505,5;
26/08/2015;490,6;
25/08/2015;496,8;
24/08/2015;495;
21/08/2015;515;
20/08/2015;517,5;
19/08/2015;535,5;
18/08/2015;590;
17/08/2015;579,5;
14/08/2015;583;
13/08/2015;583,5;
12/08/2015;572,5;
11/08/2015;593,5;
10/08/2015;604,5;
07/08/2015;602;
06/08/2015;604,5;
05/08/2015;604;
04/08/2015;595,5;
03/08/2015;602;
31/07/2015;592;
30/07/2015;598;
29/07/2015;599,5;
28/07/2015;598,5;
27/07/2015;602;
24/07/2015;618;
23/07/2015;619,5;
22/07/2015;628,5;
21/07/2015;630,5;
20/07/2015;631;
17/07/2015;630;
16/07/2015;626,5;
15/07/2015;622;
14/07/2015;619,5;
13/07/2015;616;
10/07/2015;610;
09/07/2015;597;
08/07/2015;586,5;
07/07/2015;591,5;
06/07/2015;603,5;
03/07/2015;604;
02/07/2015;607;
01/07/2015;610;
30/06/2015;607,5;
29/06/2015;608,5;
26/06/2015;614;
25/06/2015;610,5;
24/06/2015;614;
23/06/2015;621,5;
22/06/2015;618;
19/06/2015;611;
18/06/2015;612,5;
17/06/2015;614;
16/06/2015;619,5;
15/06/2015;597,5;
12/06/2015;605;
11/06/2015;610,5;
10/06/2015;608;
09/06/2015;599;
08/06/2015;600;
04/06/2015;607,5;
03/06/2015;618;
02/06/2015;619,5;
01/06/2015;623;
29/05/2015;624,5;
28/05/2015;640;
27/05/2015;648;
26/05/2015;646,5;
22/05/2015;648,5;
21/05/2015;643;
20/05/2015;639,5;
19/05/2015;634;
18/05/2015;619;
13/05/2015;608;
12/05/2015;608;
11/05/2015;638;
08/05/2015;621,5;
07/05/2015;612,5;
06/05/2015;616,5;
05/05/2015;624;
04/05/2015;614;
30/04/2015;607;
29/04/2015;619;
28/04/2015;628;
27/04/2015;630;
24/04/2015;615,5;
23/04/2015;609;
22/04/2015;614,5;
21/04/2015;614;
20/04/2015;603,5;
17/04/2015;601;
16/04/2015;619,5;
15/04/2015;619,5;
14/04/2015;603,5;
13/04/2015;609;
10/04/2015;605;
09/04/2015;605;
08/04/2015;594,5;
07/04/2015;590;
01/04/2015;577;
31/03/2015;574;
30/03/2015;571;
27/03/2015;566;
26/03/2015;571,5;
25/03/2015;571;
24/03/2015;579,5;
23/03/2015;580;
20/03/2015;578,5;
19/03/2015;573;
18/03/2015;580;
17/03/2015;577;
16/03/2015;578,5;
13/03/2015;579;
12/03/2015;581;
11/03/2015;580;
10/03/2015;577;
09/03/2015;581,5;
06/03/2015;577,5;
05/03/2015;573,5;
04/03/2015;564;
03/03/2015;566;
02/03/2015;559;
27/02/2015;570,5;
26/02/2015;554,5;
25/02/2015;539,5;
24/02/2015;542,5;
23/02/2015;539,5;
20/02/2015;540,5;
19/02/2015;539,5;
18/02/2015;526,5;
17/02/2015;535,5;
16/02/2015;523,5;
13/02/2015;526;
12/02/2015;523,5;
11/02/2015;507,5;
10/02/2015;491,4;
09/02/2015;491,1;
06/02/2015;499;
05/02/2015;503,5;
04/02/2015;495,5;
03/02/2015;499,9;
02/02/2015;492;
30/01/2015;485;
29/01/2015;485,4;
28/01/2015;489,3;
27/01/2015;487,9;
26/01/2015;491,5;
23/01/2015;500,5;
22/01/2015;491,8;
21/01/2015;488,2;
20/01/2015;481,8;
19/01/2015;481,9;
16/01/2015;480,5;
15/01/2015;480,4;
14/01/2015;480,3;
13/01/2015;477,3;
12/01/2015;473,1;
09/01/2015;478,1;
08/01/2015;478,5;
07/01/2015;464,7;
06/01/2015;468,6;
05/01/2015;467,3;
02/01/2015;476,8;
30/12/2014;478,8;
29/12/2014;485;
23/12/2014;488;
22/12/2014;485,4;
19/12/2014;478,4;
18/12/2014;475,6;
17/12/2014;475;
16/12/2014;451,5;
15/12/2014;483;
12/12/2014;491,2;
11/12/2014;505;
10/12/2014;512;
09/12/2014;510;
08/12/2014;518,5;
05/12/2014;525;
04/12/2014;518,5;
03/12/2014;516;
02/12/2014;530;
01/12/2014;528;
28/11/2014;533;
27/11/2014;537,5;
26/11/2014;542;
25/11/2014;537,5;
24/11/2014;546,5;
21/11/2014;540;
20/11/2014;519,5;
19/11/2014;513;
18/11/2014;517;
17/11/2014;515;
14/11/2014;511,5;
13/11/2014;512;
12/11/2014;512;
11/11/2014;515,5;
10/11/2014;525,5;
07/11/2014;509,5;
06/11/2014;515,5;
05/11/2014;514;
04/11/2014;515,5;
03/11/2014;522,5;
31/10/2014;523;
30/10/2014;522;
29/10/2014;521;
28/10/2014;513,5;
27/10/2014;513,5;
24/10/2014;512,5;
23/10/2014;513;
22/10/2014;516;
21/10/2014;509,5;
20/10/2014;505,5;
17/10/2014;500,5;
16/10/2014;489,7;
15/10/2014;495,9;
14/10/2014;511;
13/10/2014;506,5;
10/10/2014;509;
09/10/2014;517,5;
08/10/2014;517;
07/10/2014;516,5;
06/10/2014;519;
03/10/2014;518;
02/10/2014;513,5;
01/10/2014;517,5;
30/09/2014;524;
29/09/2014;522;
26/09/2014;529,5;
25/09/2014;529;
24/09/2014;538;
23/09/2014;538;
22/09/2014;548;
19/09/2014;552;
18/09/2014;548;
17/09/2014;550;
16/09/2014;545,5;
15/09/2014;550;
12/09/2014;535,5;
11/09/2014;539;
10/09/2014;537,5;
09/09/2014;539;
08/09/2014;541,5;
05/09/2014;537;
04/09/2014;533,5;
03/09/2014;529,5;
02/09/2014;517,5;
01/09/2014;516,5;
29/08/2014;517;
28/08/2014;521;
27/08/2014;523,5;
26/08/2014;525;
25/08/2014;523,5;
22/08/2014;511,5;
21/08/2014;518;
20/08/2014;520;
19/08/2014;539,5;
18/08/2014;541;
15/08/2014;533;
14/08/2014;541;
13/08/2014;527;
12/08/2014;525,5;
11/08/2014;523,5;
08/08/2014;516;
07/08/2014;521,5;
06/08/2014;533;
05/08/2014;531,5;
04/08/2014;535,5;
01/08/2014;533,5;
31/07/2014;535;
30/07/2014;549,5;
29/07/2014;565;
28/07/2014;559;
25/07/2014;565,5;
24/07/2014;572,5;
23/07/2014;573;
22/07/2014;570,5;
21/07/2014;572;
18/07/2014;572;
17/07/2014;582;
16/07/2014;584;
15/07/2014;582;
14/07/2014;584,5;
11/07/2014;577;
10/07/2014;576;
09/07/2014;582;
08/07/2014;584;
07/07/2014;582;
04/07/2014;589;
03/07/2014;582,5;
02/07/2014;584,5;
01/07/2014;589,5;
30/06/2014;578,5;
27/06/2014;578,5;
26/06/2014;572;
25/06/2014;575,5;
24/06/2014;580,5;
23/06/2014;581;
20/06/2014;575;
19/06/2014;585,5;
18/06/2014;574,5;
17/06/2014;574,5;
16/06/2014;579,5;
13/06/2014;579;
12/06/2014;579;
11/06/2014;578;
10/06/2014;582,5;
06/06/2014;571,5;
04/06/2014;570;
03/06/2014;570;
02/06/2014;570,5;
28/05/2014;569;
27/05/2014;571,5;
26/05/2014;572,5;
23/05/2014;570;
22/05/2014;570,5;
21/05/2014;563,5;
20/05/2014;563;
19/05/2014;564;
15/05/2014;555,5;
14/05/2014;554,5;
13/05/2014;552;
12/05/2014;547,5;
09/05/2014;546;
08/05/2014;553;
07/05/2014;540;
06/05/2014;534,5;
05/05/2014;529,5;
02/05/2014;530,5;
01/05/2014;538;
30/04/2014;537,5;
29/04/2014;537,5;
28/04/2014;528;
25/04/2014;530;
24/04/2014;532;
23/04/2014;538,5;
22/04/2014;543,5;
16/04/2014;536,5;
15/04/2014;527,5;
14/04/2014;535,5;
11/04/2014;538;
10/04/2014;539,5;
09/04/2014;543;
08/04/2014;542,5;
07/04/2014;544;
04/04/2014;554;
03/04/2014;550;
02/04/2014;545,5;
01/04/2014;538,5;
31/03/2014;539;
28/03/2014;535;
27/03/2014;533;
26/03/2014;538;
25/03/2014;537,5;
24/03/2014;513,5;
21/03/2014;516,5;
20/03/2014;522;
19/03/2014;535;
18/03/2014;537;
17/03/2014;529,5;
14/03/2014;529,5;
13/03/2014;532;
12/03/2014;537;
11/03/2014;542,5;
10/03/2014;542,5;
07/03/2014;541;
06/03/2014;546;
05/03/2014;548,5;
04/03/2014;545;
03/03/2014;540,5;
28/02/2014;570,5;
27/02/2014;568,5;
26/02/2014;574;
25/02/2014;576,5;
24/02/2014;589;
21/02/2014;589;
20/02/2014;587;
19/02/2014;585;
18/02/2014;546;
17/02/2014;557;
14/02/2014;556,5;
13/02/2014;548,5;
12/02/2014;556;
11/02/2014;562,5;
10/02/2014;557,5;
07/02/2014;546;
06/02/2014;552,5;
05/02/2014;545,5;
04/02/2014;542;
03/02/2014;545;
31/01/2014;539;
30/01/2014;545;
29/01/2014;547;
28/01/2014;556;
27/01/2014;562;
24/01/2014;575;
23/01/2014;592,5;
22/01/2014;601,5;
21/01/2014;598;
20/01/2014;588,5;
17/01/2014;592,5;
16/01/2014;594;
15/01/2014;584,5;
14/01/2014;576;
13/01/2014;581;
10/01/2014;582;
09/01/2014;585,5;
08/01/2014;588,5;
07/01/2014;598,5;
06/01/2014;594,5;
03/01/2014;596;
02/01/2014;594,5;
30/12/2013;600;
27/12/2013;596;
23/12/2013;586,5;
20/12/2013;586;
19/12/2013;584;
18/12/2013;573;
17/12/2013;572;
16/12/2013;580;
13/12/2013;572;
12/12/2013;579;
11/12/2013;592;
10/12/2013;592;
09/12/2013;594;
06/12/2013;591;
05/12/2013;595;
04/12/2013;597;
03/12/2013;597,5;
02/12/2013;607;
29/11/2013;601,5;
28/11/2013;597;
27/11/2013;594;
26/11/2013;586;
25/11/2013;587,5;
22/11/2013;582;
21/11/2013;582,5;
20/11/2013;583,5;
19/11/2013;578;
18/11/2013;576;
15/11/2013;563;
14/11/2013;559;
13/11/2013;549;
12/11/2013;548,5;
11/11/2013;550;
08/11/2013;549,5;
07/11/2013;555;
06/11/2013;552,5;
05/11/2013;551,5;
04/11/2013;558;
01/11/2013;552,5;
31/10/2013;548,5;
30/10/2013;568;
29/10/2013;568;
28/10/2013;571;
25/10/2013;566;
24/10/2013;565;
23/10/2013;572;
22/10/2013;589;
21/10/2013;583,5;
18/10/2013;583,5;
17/10/2013;574,5;
16/10/2013;577;
15/10/2013;564,5;
14/10/2013;562,5;
11/10/2013;562,5;
10/10/2013;565;
09/10/2013;554;
08/10/2013;567;
07/10/2013;566;
04/10/2013;562;
03/10/2013;565,5;
02/10/2013;565;
01/10/2013;566,5;
30/09/2013;568;
27/09/2013;567,5;
26/09/2013;575,5;
25/09/2013;577;
24/09/2013;572;
23/09/2013;575,5;
20/09/2013;575;
19/09/2013;579,5;
18/09/2013;568;
17/09/2013;579;
16/09/2013;577;
13/09/2013;579;
12/09/2013;570;
11/09/2013;567;
10/09/2013;566;
09/09/2013;554;
06/09/2013;554,5;
05/09/2013;554,5;
04/09/2013;550;
03/09/2013;550,5;
02/09/2013;552,5;
30/08/2013;547,5;
29/08/2013;545,5;
28/08/2013;541,5;
27/08/2013;540;
26/08/2013;554;
23/08/2013;554,5;
22/08/2013;554,5;
21/08/2013;554,5;
20/08/2013;563,5;
19/08/2013;569;
16/08/2013;573,5;
15/08/2013;581,5;
14/08/2013;588;
13/08/2013;582,5;
12/08/2013;568,5;
09/08/2013;569,5;
08/08/2013;557,5;
07/08/2013;555;
06/08/2013;561;
05/08/2013;564,5;
02/08/2013;565,5;
01/08/2013;557,5;
31/07/2013;555,5;
30/07/2013;560;
29/07/2013;552;
26/07/2013;546,5;
25/07/2013;550;
24/07/2013;548;
23/07/2013;540;
22/07/2013;530;
19/07/2013;530;
18/07/2013;531,5;
17/07/2013;537;
16/07/2013;537;
15/07/2013;539,5;
12/07/2013;533;
11/07/2013;544,5;
10/07/2013;535;
09/07/2013;529,5;
08/07/2013;527,5;
05/07/2013;521,5;
04/07/2013;523;
03/07/2013;508,5;
02/07/2013;506;
01/07/2013;516;
28/06/2013;513;
27/06/2013;528,5;
26/06/2013;517;
25/06/2013;520,5;
24/06/2013;503,5;
21/06/2013;510;
20/06/2013;510,5;
19/06/2013;526;
18/06/2013;517;
17/06/2013;512;
14/06/2013;515;
13/06/2013;515;
12/06/2013;514;
11/06/2013;514,5;
10/06/2013;529;
07/06/2013;533;
06/06/2013;527,5;
04/06/2013;543,5;
03/06/2013;555;
31/05/2013;548;
30/05/2013;552;
29/05/2013;555;
28/05/2013;564,5;
27/05/2013;563;
24/05/2013;562;
23/05/2013;562;
22/05/2013;571;
21/05/2013;571,5;
17/05/2013;569,5;
16/05/2013;573,5;
15/05/2013;576,5;
14/05/2013;579;
13/05/2013;574,5;
08/05/2013;581;
07/05/2013;556,5;
06/05/2013;547,5;
03/05/2013;543,5;
02/05/2013;542,5;
01/05/2013;533;
30/04/2013;525,5;
29/04/2013;516;
25/04/2013;525;
24/04/2013;525;
23/04/2013;541,5;
22/04/2013;540,5;
19/04/2013;546,5;
18/04/2013;541;
17/04/2013;545;
16/04/2013;559;
15/04/2013;560;
12/04/2013;568;
11/04/2013;576,5;
10/04/2013;577,5;
09/04/2013;567;
08/04/2013;560,5;
05/04/2013;548,5;
04/04/2013;562,5;
03/04/2013;566;
02/04/2013;571;
27/03/2013;566;
26/03/2013;573;
25/03/2013;564;
22/03/2013;571,5;
21/03/2013;576;
20/03/2013;587,5;
19/03/2013;585,5;
18/03/2013;586;
15/03/2013;590;
14/03/2013;593;
13/03/2013;588,5;
12/03/2013;590;
11/03/2013;589;
08/03/2013;594;
07/03/2013;590;
06/03/2013;592,5;
05/03/2013;595;
04/03/2013;594,5;
01/03/2013;588;
28/02/2013;587;
27/02/2013;578,5;
26/02/2013;583,5;
25/02/2013;589;
22/02/2013;591,5;
21/02/2013;579;
20/02/2013;580;
19/02/2013;567;
18/02/2013;567,5;
15/02/2013;602,5;
14/02/2013;592,5;
13/02/2013;590,5;
12/02/2013;586;
11/02/2013;591;
08/02/2013;592;
07/02/2013;592;
06/02/2013;589,5;
05/02/2013;592,5;
04/02/2013;592;
01/02/2013;597,5;
31/01/2013;588;
30/01/2013;594;
29/01/2013;592,5;
28/01/2013;590,5;
25/01/2013;598,5;
24/01/2013;581;
23/01/2013;576;
22/01/2013;569,5;
21/01/2013;573;
18/01/2013;574,5;
17/01/2013;575,5;
16/01/2013;578;
15/01/2013;563,5;
14/01/2013;554;
11/01/2013;564,5;
10/01/2013;566,5;
09/01/2013;569;
08/01/2013;573;
07/01/2013;569;
04/01/2013;565;
03/01/2013;558;
02/01/2013;561;
28/12/2012;554;
27/12/2012;552;
21/12/2012;550;
20/12/2012;552,5;
19/12/2012;548;
18/12/2012;545,5;
17/12/2012;549,5;
14/12/2012;558,5;
13/12/2012;562;
12/12/2012;564;
11/12/2012;570,5;
10/12/2012;570,5;
07/12/2012;564,5;
06/12/2012;565;
05/12/2012;559;
04/12/2012;559,5;
03/12/2012;562,5;
30/11/2012;558,5;
29/11/2012;559;
28/11/2012;549;
27/11/2012;547;
26/11/2012;541;
23/11/2012;546;
22/11/2012;546;
21/11/2012;539;
20/11/2012;541;
19/11/2012;536;
16/11/2012;534;
15/11/2012;525;
14/11/2012;526,5;
13/11/2012;531,5;
12/11/2012;534,5;
09/11/2012;537;
08/11/2012;524;
07/11/2012;532,5;
06/11/2012;518;
05/11/2012;516;
02/11/2012;518,5;
01/11/2012;508;
31/10/2012;496,5;
30/10/2012;506,5;
29/10/2012;510;
26/10/2012;508,5;
25/10/2012;510;
24/10/2012;509,5;
23/10/2012;503,5;
22/10/2012;513;
19/10/2012;518,5;
18/10/2012;516;
17/10/2012;519,5;
16/10/2012;521,5;
15/10/2012;516,5;
12/10/2012;513,5;
11/10/2012;516;
10/10/2012;519;
09/10/2012;522,5;
08/10/2012;537,5;
05/10/2012;535,5;
04/10/2012;526;
03/10/2012;528,5;
02/10/2012;530,5;
01/10/2012;524,5;
28/09/2012;514;
27/09/2012;521;
26/09/2012;524;
25/09/2012;531;
24/09/2012;532;
21/09/2012;533,5;
20/09/2012;538;
19/09/2012;530;
18/09/2012;526,5;
17/09/2012;514;
14/09/2012;524,5;
13/09/2012;511;
12/09/2012;523;
11/09/2012;525,5;
10/09/2012;527,5;
07/09/2012;528,5;
06/09/2012;533;
05/09/2012;523,5;
04/09/2012;520,5;
03/09/2012;523;
31/08/2012;513;
30/08/2012;509;
29/08/2012;515;
28/08/2012;513;
27/08/2012;513;
24/08/2012;508,5;
23/08/2012;508,5;
22/08/2012;507;
21/08/2012;514,5;
20/08/2012;510;
17/08/2012;511;
16/08/2012;515;
15/08/2012;520;
14/08/2012;509;
13/08/2012;509,5;
10/08/2012;512;
09/08/2012;516;
08/08/2012;519;
07/08/2012;514;
06/08/2012;513;
03/08/2012;503,5;
02/08/2012;499,9;
01/08/2012;503,5;
31/07/2012;490,3;
30/07/2012;518;
27/07/2012;518;
26/07/2012;494;
25/07/2012;494;
24/07/2012;481,4;
23/07/2012;470;
20/07/2012;481,3;
19/07/2012;482,8;
18/07/2012;473,5;
17/07/2012;476,2;
16/07/2012;470,3;
13/07/2012;465;
12/07/2012;465;
11/07/2012;466,9;
10/07/2012;477,5;
09/07/2012;470,4;
06/07/2012;472,9;
05/07/2012;468,4;
04/07/2012;474,6;
03/07/2012;478,6;
02/07/2012;472,5;
29/06/2012;461,2;
28/06/2012;441,4;
27/06/2012;448,2;
26/06/2012;432;
25/06/2012;437,9;
22/06/2012;447,5;
21/06/2012;445,2;
20/06/2012;449,1;
19/06/2012;435;
18/06/2012;435,1;
15/06/2012;437,1;
14/06/2012;427,9;
13/06/2012;422,8;
12/06/2012;422,5;
11/06/2012;427,2;
08/06/2012;430,7;
07/06/2012;437,7;
06/06/2012;436,9;
04/06/2012;416;
01/06/2012;427,3;
31/05/2012;447,8;
30/05/2012;449,4;
29/05/2012;462,5;
25/05/2012;451,2;
24/05/2012;449,6;
23/05/2012;450,4;
22/05/2012;459,1;
21/05/2012;458,9;
16/05/2012;487,5;
15/05/2012;486;
14/05/2012;484,3;
11/05/2012;497,7;
10/05/2012;490,4;
09/05/2012;490;
08/05/2012;472,1;
07/05/2012;480;
03/05/2012;480;
02/05/2012;481,5;
01/05/2012;494;
30/04/2012;484,4;
27/04/2012;486,7;
26/04/2012;482,1;
25/04/2012;497,2;
24/04/2012;480,4;
23/04/2012;476,1;
20/04/2012;485;
19/04/2012;489,1;
18/04/2012;482,3;
17/04/2012;466,2;
16/04/2012;459,8;
13/04/2012;458,4;
12/04/2012;461,3;
11/04/2012;453,9;
10/04/2012;446,5;
04/04/2012;454,4;
03/04/2012;467;
02/04/2012;467,9;
30/03/2012;461;
29/03/2012;446,1;
28/03/2012;455,7;
27/03/2012;449,1;
26/03/2012;459;
23/03/2012;454,7;
22/03/2012;458,7;
21/03/2012;465,5;
20/03/2012;467,5;
19/03/2012;467,6;
16/03/2012;473,7;
15/03/2012;473,9;
14/03/2012;475;
13/03/2012;482,6;
12/03/2012;465,8;
09/03/2012;466,9;
08/03/2012;450,4;
07/03/2012;448,1;
06/03/2012;450,8;
05/03/2012;450,8;
02/03/2012;443,5;
01/03/2012;442,3;
29/02/2012;439,3;
28/02/2012;435;
27/02/2012;438,2;
24/02/2012;448;
23/02/2012;438,4;
22/02/2012;445;
21/02/2012;437,5;
20/02/2012;454,1;
17/02/2012;429;
16/02/2012;437,6;
15/02/2012;448,2;
14/02/2012;432;
13/02/2012;432;
10/02/2012;430;
09/02/2012;432;
08/02/2012;428,2;
07/02/2012;426,1;
06/02/2012;422,9;
03/02/2012;433,8;
02/02/2012;434,2;
01/02/2012;431,9;
31/01/2012;431,6;
30/01/2012;434;
27/01/2012;426;
26/01/2012;419,3;
25/01/2012;415;
24/01/2012;411,6;
23/01/2012;411;
20/01/2012;406;
19/01/2012;415,6;
18/01/2012;413,8;
17/01/2012;415,6;
16/01/2012;416;
13/01/2012;418;
12/01/2012;422;
11/01/2012;430,8;
10/01/2012;441,3;
09/01/2012;438,1;
06/01/2012;440;
05/01/2012;433,5;
04/01/2012;429;
03/01/2012;434,6;
02/01/2012;424;
30/12/2011;405;
29/12/2011;402,2;
28/12/2011;402,6;
27/12/2011;399,2;
23/12/2011;400,9;
22/12/2011;390,4;
21/12/2011;391,9;
20/12/2011;399;
19/12/2011;388,3;
16/12/2011;393,6;
15/12/2011;394,8;
14/12/2011;394,5;
13/12/2011;405;
12/12/2011;397;
09/12/2011;395,6;
08/12/2011;404,5;
07/12/2011;413;
06/12/2011;411,9;
05/12/2011;424,5;
02/12/2011;411,1;
01/12/2011;410,2;
30/11/2011;406,3;
29/11/2011;392,5;
28/11/2011;391,5;
25/11/2011;379,9;
24/11/2011;377,1;
23/11/2011;381;
22/11/2011;379,5;
21/11/2011;379,7;
18/11/2011;393;
17/11/2011;392;
16/11/2011;383,5;
15/11/2011;393,4;
14/11/2011;398;
11/11/2011;406,2;
10/11/2011;384,3;
09/11/2011;377,7;
08/11/2011;366,9;
07/11/2011;367;
04/11/2011;348,7;
03/11/2011;353,9;
02/11/2011;345;
01/11/2011;347,9;
31/10/2011;366;
28/10/2011;370;
27/10/2011;374,5;
26/10/2011;366,2;
25/10/2011;358,2;
24/10/2011;361,6;
21/10/2011;352,5;
20/10/2011;345,6;
19/10/2011;346,3;
18/10/2011;350,5;
17/10/2011;352,3;
14/10/2011;357,6;
13/10/2011;351,3;
12/10/2011;354;
11/10/2011;350;
10/10/2011;360;
07/10/2011;347,8;
06/10/2011;335;
05/10/2011;322,2;
04/10/2011;322,5;
03/10/2011;331,6;
30/09/2011;330,8;
29/09/2011;333,1;
28/09/2011;333;
27/09/2011;343,3;
26/09/2011;335;
23/09/2011;339,8;
22/09/2011;349,4;
21/09/2011;364,4;
20/09/2011;355,8;
19/09/2011;356,7;
16/09/2011;370,8;
15/09/2011;379,1;
14/09/2011;379,3;
13/09/2011;381,7;
12/09/2011;375,5;
09/09/2011;393,4;
08/09/2011;393;
07/09/2011;394,5;
06/09/2011;387,9;
05/09/2011;384;
02/09/2011;391,8;
01/09/2011;397,3;
31/08/2011;389;
30/08/2011;375,5;
29/08/2011;375,8;
26/08/2011;366,7;
25/08/2011;364;
24/08/2011;363,1;
23/08/2011;352,6;
22/08/2011;352;
19/08/2011;355,8;
18/08/2011;367,5;
17/08/2011;372;
16/08/2011;450,8;
15/08/2011;476;
12/08/2011;474;
11/08/2011;453;
10/08/2011;456,1;
09/08/2011;466,2;
08/08/2011;470,4;
05/08/2011;489,1;
04/08/2011;500;
03/08/2011;499,2;
02/08/2011;507;
01/08/2011;511;
29/07/2011;510;
28/07/2011;515,5;
27/07/2011;517,5;
26/07/2011;528,5;
25/07/2011;531,5;
22/07/2011;534;
21/07/2011;528,5;
20/07/2011;515,5;
19/07/2011;520;
18/07/2011;521;
15/07/2011;532;
14/07/2011;531,5;
13/07/2011;536,5;
12/07/2011;549,5;
11/07/2011;548;
08/07/2011;554;
07/07/2011;551;
06/07/2011;545;
05/07/2011;570;
04/07/2011;569,5;
01/07/2011;564,5;
30/06/2011;559,5;
29/06/2011;554,5;
28/06/2011;550;
27/06/2011;566,5;
24/06/2011;567,5;
23/06/2011;556;
22/06/2011;558,5;
21/06/2011;572;
20/06/2011;556;
17/06/2011;564;
16/06/2011;558;
15/06/2011;572;
14/06/2011;578,5;
10/06/2011;579,5;
09/06/2011;583,5;
08/06/2011;578;
07/06/2011;585,5;
06/06/2011;591;
01/06/2011;601;
31/05/2011;599;
30/05/2011;599,5;
27/05/2011;596,5;
26/05/2011;596,5;
25/05/2011;600,5;
24/05/2011;603;
23/05/2011;606;
19/05/2011;617;
18/05/2011;614;
17/05/2011;610;
16/05/2011;620;
13/05/2011;617,5;
12/05/2011;615,5;
11/05/2011;608;
10/05/2011;592,5;
09/05/2011;598;
06/05/2011;596,5;
05/05/2011;582;
04/05/2011;591,5;
03/05/2011;603;
02/05/2011;602,5;
29/04/2011;598;
28/04/2011;589,5;
27/04/2011;586;
26/04/2011;596;
20/04/2011;593;
19/04/2011;587;
18/04/2011;581,5;
15/04/2011;586;
14/04/2011;575;
13/04/2011;573;
12/04/2011;570;
11/04/2011;580,5;
08/04/2011;584;
07/04/2011;581;
06/04/2011;579,5;
05/04/2011;575;
04/04/2011;566,5;
01/04/2011;568;
31/03/2011;566,5;
30/03/2011;567;
29/03/2011;565,5;
28/03/2011;572;
25/03/2011;568;
24/03/2011;572;
23/03/2011;568;
22/03/2011;567;
21/03/2011;567;
18/03/2011;553;
17/03/2011;547,5;
16/03/2011;550;
15/03/2011;549;
14/03/2011;559,5;
11/03/2011;565,5;
10/03/2011;571;
09/03/2011;579;
08/03/2011;578;
07/03/2011;580,5;
04/03/2011;582;
03/03/2011;589;
02/03/2011;582,5;
01/03/2011;589;
28/02/2011;575;
25/02/2011;577,5;
24/02/2011;569,5;
23/02/2011;570;
22/02/2011;570;
21/02/2011;566;
18/02/2011;561,5;
17/02/2011;558,5;
16/02/2011;563,5;
15/02/2011;566,5;
14/02/2011;554,5;
11/02/2011;569;
10/02/2011;563,5;
09/02/2011;563;
08/02/2011;558;
07/02/2011;562;
04/02/2011;552,5;
03/02/2011;549,5;
02/02/2011;549;
01/02/2011;555;
31/01/2011;542,5;
28/01/2011;542;
27/01/2011;547,5;
26/01/2011;547,5;
25/01/2011;546;
24/01/2011;552;
21/01/2011;543;
20/01/2011;549;
19/01/2011;562;
18/01/2011;561;
17/01/2011;534,5;
14/01/2011;543;
13/01/2011;542;
12/01/2011;555;
11/01/2011;552,5;
10/01/2011;555,5;
07/01/2011;555;
06/01/2011;578,5;
05/01/2011;571,5;
04/01/2011;571;
03/01/2011;576;
30/12/2010;558,5;
29/12/2010;563;
28/12/2010;563;
27/12/2010;562,5;
23/12/2010;567,5;
22/12/2010;568,5;
21/12/2010;565;
20/12/2010;560;
17/12/2010;562;
16/12/2010;555;
15/12/2010;556,5;
14/12/2010;561;
13/12/2010;563;
10/12/2010;565;
09/12/2010;560,5;
08/12/2010;567,5;
07/12/2010;567,5;
06/12/2010;566,5;
03/12/2010;566,5;
02/12/2010;566;
01/12/2010;547;
30/11/2010;542;
29/11/2010;541,5;
26/11/2010;551,5;
25/11/2010;554;
24/11/2010;545;
23/11/2010;550;
22/11/2010;544;
19/11/2010;548;
18/11/2010;548;
17/11/2010;551;
16/11/2010;554,5;
15/11/2010;557;
12/11/2010;559;
11/11/2010;568;
10/11/2010;558;
09/11/2010;565;
08/11/2010;595;
05/11/2010;595,5;
04/11/2010;598,5;
03/11/2010;589;
02/11/2010;596;
01/11/2010;594;
29/10/2010;586;
28/10/2010;588,5;
27/10/2010;584;
26/10/2010;591;
25/10/2010;597;
22/10/2010;595,5;
21/10/2010;598;
20/10/2010;576;
19/10/2010;578;
18/10/2010;589;
15/10/2010;584;
14/10/2010;597;
13/10/2010;607,5;
12/10/2010;593,5;
11/10/2010;599,5;
08/10/2010;590;
07/10/2010;585;
06/10/2010;587;
05/10/2010;578,5;
04/10/2010;563,5;
01/10/2010;558,5;
30/09/2010;570;
29/09/2010;565;
28/09/2010;571;
27/09/2010;580;
24/09/2010;577;
23/09/2010;568;
22/09/2010;563,5;
21/09/2010;574,5;
20/09/2010;566;
17/09/2010;559;
16/09/2010;560;
15/09/2010;568;
14/09/2010;577;
13/09/2010;569;
10/09/2010;575;
09/09/2010;574,5;
08/09/2010;568;
07/09/2010;559;
06/09/2010;558;
03/09/2010;562,5;
02/09/2010;558,5;
01/09/2010;569,5;
31/08/2010;553,5;
30/08/2010;546,5;
27/08/2010;550,5;
26/08/2010;544;
25/08/2010;529;
24/08/2010;524;
23/08/2010;524,5;
20/08/2010;524;
19/08/2010;523;
18/08/2010;514;
17/08/2010;510;
16/08/2010;499,7;
13/08/2010;499;
12/08/2010;502;
11/08/2010;491,5;
10/08/2010;493,4;
09/08/2010;501;
06/08/2010;489;
05/08/2010;515;
04/08/2010;522,5;
03/08/2010;522,5;
02/08/2010;520;
30/07/2010;507;
29/07/2010;513;
28/07/2010;510;
27/07/2010;512;
26/07/2010;506;
23/07/2010;510;
22/07/2010;491,2;
21/07/2010;486,7;
20/07/2010;480;
19/07/2010;480,8;
16/07/2010;478,9;
15/07/2010;486,6;
14/07/2010;485,4;
13/07/2010;492;
12/07/2010;488;
09/07/2010;486;
08/07/2010;480;
07/07/2010;480;
06/07/2010;477,5;
05/07/2010;463,7;
02/07/2010;465,5;
01/07/2010;449;
30/06/2010;466,9;
29/06/2010;461;
28/06/2010;480;
25/06/2010;478,3;
24/06/2010;478,9;
23/06/2010;484;
22/06/2010;487,3;
21/06/2010;490,5;
18/06/2010;494,8;
17/06/2010;488,9;
16/06/2010;488,5;
15/06/2010;493;
14/06/2010;494,5;
11/06/2010;488;
10/06/2010;500;
09/06/2010;483,1;
08/06/2010;463,5;
07/06/2010;469,3;
04/06/2010;474,7;
03/06/2010;481,4;
02/06/2010;469,2;
01/06/2010;461,7;
31/05/2010;462;
28/05/2010;460,1;
27/05/2010;466,5;
26/05/2010;452,2;
25/05/2010;442,7;
21/05/2010;461,3;
20/05/2010;463;
19/05/2010;485;
18/05/2010;490;
17/05/2010;470;
12/05/2010;480,4;
11/05/2010;456,3;
10/05/2010;446,9;
07/05/2010;414,1;
06/05/2010;439,9;
05/05/2010;439,2;
04/05/2010;443,9;
03/05/2010;453,3;
29/04/2010;455,5;
28/04/2010;447,2;
27/04/2010;450,1;
26/04/2010;459;
23/04/2010;455,3;
22/04/2010;453,3;
21/04/2010;455,9;
20/04/2010;455,9;
19/04/2010;439,6;
16/04/2010;448,5;
15/04/2010;455,8;
14/04/2010;460;
13/04/2010;463;
12/04/2010;476;
09/04/2010;469,8;
08/04/2010;470,8;
07/04/2010;473,6;
06/04/2010;472,2;
31/03/2010;462,6;
30/03/2010;462;
29/03/2010;465;
26/03/2010;461,5;
25/03/2010;460,5;
24/03/2010;461,1;
23/03/2010;464;
22/03/2010;455;
19/03/2010;451,5;
18/03/2010;452,1;
17/03/2010;448,6;
16/03/2010;437,1;
15/03/2010;433;
12/03/2010;432,5;
11/03/2010;433,1;
10/03/2010;431,5;
09/03/2010;438;
08/03/2010;432;
05/03/2010;434;
04/03/2010;427,1;
03/03/2010;431,2;
02/03/2010;435,6;
01/03/2010;428,9;
26/02/2010;422,1;
25/02/2010;409,4;
24/02/2010;411,1;
23/02/2010;415;
22/02/2010;384,2;
19/02/2010;388,2;
18/02/2010;377;
17/02/2010;378,7;
16/02/2010;378,8;
15/02/2010;372,7;
12/02/2010;378,2;
11/02/2010;375,8;
10/02/2010;367,4;
09/02/2010;367;
08/02/2010;367;
05/02/2010;378;
04/02/2010;388,7;
03/02/2010;395,7;
02/02/2010;397,6;
01/02/2010;398,7;
29/01/2010;404;
28/01/2010;389;
27/01/2010;390,4;
26/01/2010;392;
25/01/2010;398;
22/01/2010;392;
21/01/2010;391,5;
20/01/2010;394,5;
19/01/2010;400;
18/01/2010;400;
15/01/2010;393;
14/01/2010;391;
13/01/2010;395;
12/01/2010;395;
11/01/2010;400;
08/01/2010;393;
07/01/2010;392;
06/01/2010;388;
05/01/2010;394,85;
04/01/2010;393;
